snapchat;collabora;inquir;sponsorship;advertise;youtube;youtu.be;blogger;vlogger;blogging;my blog;blog:;mommy;stylist;artist;blogspot
lizzzuy;cassansaurus;efymefy;passpotter;simply_antiquity;lorraineclx;garethfernandez;nellielim;amirulbordeaux;chanellearetha;miss__yvonne;yukiko_tan;secretstogoddess;elodbelle;artclaytion;justtey
tianyuluvs;olacocinadelmar;mollyprint;get.fash;kingsleyking;sau_leek;joniduit;chairmann;thegelabeef;thegracetan;miwitch;bigbluefish;melissalsl;lizzzuy;gpyoga;tianyuluvs
engnatalie;duckieforhealth;koogotauco;_fallingsnowflakes;the.hashtaggg;sugoi.phan;bxnchua;dalillahismail;fifiliciousify;darcygonzales;mrnicholas88;genishihara;winnieyeo3103;rosettedesignsco;quincequinny;forthegerbera
yenwong22;artsylow;igshop_ads_phil;ariannebrulcarba;;janicefion;pkd_official;valynlim;gothiclolitawigs;razorliketears;yukiko_tan;justamaze;happyhandsproj;alexvlapa;smugglefest;nellielim
carmen_soo;412.am;sichipe;chiyo_and_san;;secretstogoddess;chooyilin;janicefion;sharonachia;lexiepuzon;travelereve;sharonachia;buttonmybuttons;smugglefest;garethfernandez;dalillahismail
charissa2412;etrangle;globalfitfoundation;etrangle;;elleanor1222;obliviousd_;ananyah;shopmeandmy;relatablemissrenton;davidguison;robin.koh;equariusphotography;wandertrail_;mariemjsoh;queenlicy
tomosmoki69;itsjustroxy;mystiquecharm;stealthe.style;;obliviousd_;simonnoble;ilovedawn00;mytravellicious;hannahchiafoodtrail;etrangle;cowinhumansclothing;linlovesall;redcarousel;flyentertainment;zakkaart
fluffedup;clayman79;shopmeandmy;josieong;;leehsienloong;frankcintamani;secretstogoddess;dwiendah_mua;sunnyfoodbunny;rabbitjoanne;jieeeyinngg;seashellsonthepalm;priscillia_loo;all4jj;ilovedawn00
ladyironchef;thejwsl;iluxsg;klvnxzvn;;querramellca;laurakeelt;quincequinny;;golly_locks;kid.estrdx;thevintagevision;thegoddessmum;evonchng;eldiona;zhengningng
mdsmir;shopsfashionsg;alketupat;jennillious;;jteamsg;obat_mata_minus;bubblymichelle;;fatfloatsg;reginachow_sg;eatineraryid;daryjenne_;sarahlovespoppy;ase_wang;mariemjsoh
musingmutley;bluecollarcollaborative;thejjaccessories;cindytong86;;thegoddessmum;chuuaan_kaai;noirsattic;;atouchofbee;_beautychapter;tauyanm;marja_michael;hitomicleo;bianes_mua;cassansaurus
crisacheersa;annactub;yluxury.com.sg;sharonachia;;http.hotblood;lindakayhz;bummerboi;;blacksatinoblog;chw131;keypersonofinfluence;darrasisknockingonheavensdoor;lookbox_living;muktilim;joeyang1277
wolfboynat;duierstyle;mahirakaftan;woodberryshop;;obat_mata_minus;makeuplovebyrang;cassansaurus;;;magicbabening;whiskeyandsoba;thisismeriyan;poppyflorastudio;buttonmybuttons;zoniaraymond
mintymichy;plus39gelato;leylabrunton;balloonfoil;;amirulbordeaux;skyaspire;joeyang1277;;;ngtammy;miccolosolis;shopmeandmy;ryocleo;lovelimzy;eldiona
mrnicholas88;astralavenue;shailaja_narayanan;sweetcartelsg;;ilathevoice;ichigo_miyazaki;eldiona;;;qdee.com.my;;berlinlee;catslavery;beautifuladieu;chanellearetha
keannamagracia_;han_alogy;styles_republic;imiqq;;greenstoryblog;darealdyl;af_inc_;;;daprayer;;mamajiahui;jamiedave;evangelineneo;fluffedup
pkd_official;nghayden;makeup_hub_by_g;herusugiarta;;lovinglylovelee;kaygracelee;chanellearetha;;;tebisha;;ainahennadesigns;thegoddessmum;eputaeden;skinnykatwoman
rockthetrend;valthestrange;fetatraveldepot;silverskypets;;cindytong86;jasyounic;makeup_box;;;rachinfashion;;cecilia446;lulut_m;huney_84;thepolishwell
evonchng;azzamchemanir;franksland;elanakhong;;joshua2588;koreotaku;simplysiyaamblog;;;fashrealm;;wrapwithkesha;charleneajose;lorealprofsg;grabyourfork
lysphotography;rachinfashion;herusugiarta;isiyouji;;shahidin;leshane;spreegargar;;;sharonachia;;erainelabbit;annactub;josiahchua;ohhdivine
jilerpido;fashrealm;velvetsroom;fashionkawaii.asiancute;;eeloftheworld;thefishshnack;ylbeauty;;;robin.koh;;rabinwilliamsae;honghenwoodstylist;dauntlus;blackpeonybeauty
joelleyeojiawen;sharonachia;chefmeldean;william82sg;;megsgumis;lennonize;miwitch;;;jieeeyinngg;;babyboy.thedog;yelpsingapore;zubhahenna;ngsabrina
valvalrawr17;natasha_shrotri;kensamudio;styleunni;;ichigo_miyazaki;sharonachia;grabyourfork;;;chhyyee;;peek_a_boo_collections;duierstyle;shaanstylish;mrnicholas88
blackivory;designtodiesg;myleacouture;;;darealdyl;orsor;rikkemay;;;berlinstorm_;;soohyunhwang;irenecreates;sirotan.sg;yongwei318
ms_rach;jamess.k;saksthomas;;;sugarbakers_interiors;sherryshroff;blackpeonybeauty;;;msoinkee;;;gildarevasseur;kennethngmakeup;yenniedoll
nitaptri;touchmeswimwear;;;;thegelabeef;thevintagevision;alvinology;;;ernestongch;;;thegelabeef;makeupartist_09;melissalsl
bill;bearfangs;;;;shanicelurbyou;azharx5;gracelwyang;;;triciakohh;;;anniechuasg;jolenebydesign;zhafieraaa
shaun.teo;msoinkee;;;;universaldisobey;_yafiqyusman_;me_slimming;;;nkikichua;;;fashionabbynyc;madmakeupmaven;sapphireziva
kaetingkikii;battermaker;;;;cyndixys_;matcha5official;crisacheersa;;;norman_souza_tan;;;food_fiends_etc;vr____95;style_ahjie
dreamsmyblog;dianarosapina;;;;marshmallow_squishies;lawrenceengyk;wrongcruise;;;littlemisshoney;;;boardroomofficial;hafizahyazed;queensrepublic
itsfranxcesca;sunmoonrain;;;;fifiliciousify;shafielovesfood;plusifyme;;;superfinefeline;;;sharonachia;speakcryptic;taratats
muhdluthfi23;cheyennelazaroo;;;;lia_r2000;ahmadkhairulnaim;melissaloh80;;;techandmusicfan;;;artigraphy;tabithanauser;lisapetitenails
miiwuaa;leylabrunton;;;;gothiclolitawigs;dolphin_yeo;jessicatan22;;;hannahchiafoodtrail;;;natasha_shrotri;icelagman;tikasylviautami
debbiecxq;haute.culture;;;;sharonachia;ahleeshan;jessyings;;;silverkis;;;getklarity;side_cutter;m0nice
nadnut;golly_locks;;;;v_shapovalova;ry_zn;elgenahearts;;;golly_locks;;;mystiquecharm;inprom2events;msbabelovebebes
yutakis;crosslace;;;;sherryshroff;urbanwit;mrnicholas88;;;mjclyn;;;triciakohh;chonfoo;evangelineneo
fredapxh;houseofsheens;;;;gardencityphotos;oneclickwonders;kyliemancera;;;whiskeyandsoba;;;rupenzel_;slava_fil;ariannebrulcarba
nicholaslgl;jpinsider;;;;amandachic_official;meilinhyde;bianes_mua;;;othnielgaijin;;;travelsofastylist;larryyeo;wealthykitten
eleoration;miccolosolis;;;;thevintagevision;miccolosolis;yongwei318;;;jpinsider;;;luciajacky;limyaohui;ulimali
geniemule;furtographysg;;;;globalfitfoundation;sandrajao;juneunicorn;;;escapingabroad;;;sunmoonrain;reiiputt;huney_84
wherecherrygo;ghoztfart.hero;;;;kawaii_smiley;shahrul_kenco;muktilim;;;shaun_owyeong;;;divonista;valentinadavilamua;rosalindatjioe
missamandaleong;hypethetic;;;;phonenomenon;agy96;carlaweberpr;;;charlene22;;;dolphin_yeo;beautyexpertlina;josminong
triissy;doubletapbynima;;;;meowissathecatlady;psoriasisman;sukkisingapora;;;oftravelsandtales;;;roshnideepak;instasg;toytoylim
itzeugena;yangkie;;;;thepanicroom_sg;dwiendah_mua;sapphireziva;;;ryanraroar;;;houseofsheens;kidaho89;marilynracheltan
heykasper;aiksooon;;;;chih_chiang_is_unique;aiksooon;style_ahjie;;;geraldpng;;;nickykow;vinvola;linlovesall
dorothytorretijo;keropokman;;;;metrosingapore;geraldpng;styleramblings_;;;;;;shiori85;8_armed_ink;levxn
berlindakayley;pafrenz;;;;divonista;;threads.in.common;;;;;;lem0n;sanagallerysingapore;ppphyl
cforcassan;zanthrea;;;;revvmotoring;;darcygonzales;;;;;;ritcha;raymondaw;leopardribbons
radzifmohd;skin_tickets;;;;haute.culture;;cantikvsirehjdt;;;;;;de.sweet.de;madebytin_singapore;side_cutter
jakecolgrave;msskinnyfat;;;;deeniseglitz;;m0nice;;;;;;the_theme_ig;lengyein;mmlittlee
penmyblog;jessicaval;;;;loveeelockdown;;msbabelovebebes;;;;;;syfaisal_77;goneinpieces;jenipatty
chelseinaguadalupe;weeteck;;;;kctakai;;jemagustin;;;;;;adlinaanis;zanniezannzann;ethelwyl
thejwsl;icon_mag;;;;ahleeshan;;ariannebrulcarba;;;;;;esquirephotography;fernandoesnaola;muffinlord
amirulbordeaux;;;;;hylianxoxo;;theminiaturecakeshop;;;;;;raturegina_mua;thecaptured_moments;travelereve
hypotato;;;;;ry_zn;;kolombianasg;;;;;;ebenezeryoon;ebao_art;veelour
dariovignali;;;;;urbanwit;;veerabianca;;;;;;soleonard;iklan_belanja2;joslovesfood
hlrys;;;;;therealjsee;;travelwithliya;;;;;;william82sg;labingzhampoo;iamirene_c
nicoleyie;;;;;miccolosolis;;gudangonlinebandung;;;;;;;munsterphotography;beefette
carinaxuyilin;;;;;sgroader;;bigbluefish;;;;;;;magicbabening;stevenactive
lovinglylovelee;;;;;mytravellicious;;nailcorset;;;;;;;jadeanastasiafox;luxmondi
steveichandra;;;;;acousticblister;;xhysteriaa;;;;;;;kahwinkawin_bridal_photography;gerritheberri
vanessatlx;;;;;prittae;;vettyking;;;;;;;mykemotus;thedeadcockroach
umehararei;;;;;adlinaanis;;fishaberry;;;;;;;makeupmonsterscosmetics;joanneeng
jasminenaomiea;;;;;maddy13184;;seashellsonthepalm;;;;;;;sethluicious;michhysaurous
huisypeasy;;;;;dwiendah_mua;;dreamsmyblog;;;;;;;jonthearchitect;itzeugena
shauneeie;;;;;bakersofsgp;;alespaceman;;;;;;;aodnttattoo;illuxion_makeup
daviddepe;;;;;varshita;;jamiedave;;;;;;;gillielove;quentria
cheryl_chinzyyy;;;;;j_yaying;;elenastravelgram;;;;;;;skinbyrd_;cforcassan
silver_ang;;;;;cindy.khor;;mmlittlee;;;;;;;iklanpromoteoss6;itsjustroxy
shanicelurbyou;;;;;carmencitabbc;;nadnut;;;;;;;sera.bunny;berryginny
mykemotus;;;;;xeniatchoumi;;yutakis;;;;;;;cnoe92;christabeltaz
nghayden;;;;;;;jenipatty;;;;;;;sharonachia;sgemceerichardstyle
lydiagabriellaa;;;;;;;thegoddessmum;;;;;;;artigraphy;hlrys
raymccanne;;;;;;;pxdkitty;;;;;;;utattoo;thejoshuachong
sha.nthsya;;;;;;;nicholasnah;;;;;;;patfancygirl;naomielicouz
shortpandagirl;;;;;;;fashionofficial2015;;;;;;;ayu_goh;amfickledminded
ivanseow;;;;;;;inprom2events;;;;;;;boywithhaemoglobin;rabbitjoanne
odwing;;;;;;;xjace;;;;;;;simplytashie;reiiputt
polkafrocircus;;;;;;;nicholaslgl;;;;;;;kellwx;heyitsbrina
gothiclolitawigs;;;;;;;urbankingz_clthng;;;;;;;shabubuyu;ami_amyna
iamas_ian;;;;;;;sabrinamusco;;;;;;;jamess.k;msanaalina
sharonachia;;;;;;;davidguison;;;;;;;thevintagevision;sizzlingsuzai
everestsays;;;;;;;foodesteem;;;;;;;wiwi____;xinlinnn
robin.koh;;;;;;;gopaktor;;;;;;;saffire11;annactub
jessoxm;;;;;;;beautyroom26;;;;;;;jawlong;kid.estrdx
adblehs;;;;;;;misstamchiak;;;;;;;angemay;shermaine.ng
jieeeyinngg;;;;;;;etrangle;;;;;;;benolim;nellecabanban
synda.gana;;;;;;;joanneeng;;;;;;;thenailartistry;alyssatuangco
phineloves;;;;;;;jmoniquesanchez;;;;;;;makeupbygeyestar;rima_angel
jamess.k;;;;;;;triissy;;;;;;;keith_makeup_artist;calvinavigator
6e483e899;;;;;;;sononui;;;;;;;diamaira;tonoleechie
i_am_rosemarie;;;;;;;evilbean;;;;;;;dinieawalluddin;beautyperkz
big_e510;;;;;;;ayikot;;;;;;;carlzeno;megsgumis
ernestongch;;;;;;;heykasper;;;;;;;jeeeeezxo;vinvola
triciakohh;;;;;;;sharonxx28;;;;;;;touchstudios_caleb;lindaleenk
hepostfood;;;;;;;dorothytorretijo;;;;;;;divonista;reginachow_sg
mjteo;;;;;;;plumpcheeksblog;;;;;;;jael.__;fireopal82
caspercaesar;;;;;;;quentria;;;;;;;darkalleystreet;shauneeie
ngmiyake;;;;;;;carerynn;;;;;;;paperfections25;mylovelysister
travelsofastylist;;;;;;;w0se;;;;;;;sanbah_pix_motion;triciawonggg
kayarocks;;;;;;;itsjustroxy;;;;;;;jennawhite8;vodkaforace
chainlessbrain;;;;;;;paolapascua;;;;;;;dathography;izzahjasni
hannahchiafoodtrail;;;;;;;berryginny;;;;;;;blackkrsna;pisceanrat
masiaone;;;;;;;sophie_tobelly;;;;;;;darrenn9;ladies_journal
icanh;;;;;;;josieong;;;;;;;snappixstudio;wickermoss
saloni.attitude;;;;;;;lulut_m;;;;;;;harlowsunshine;herbal_empires003
musicalhouses;;;;;;;poshberriesweet;;;;;;;thenailtail;silver_ang
mjclyn;;;;;;;catforsley;;;;;;;ainahennadesigns;kaitinghearts
prissypoh;;;;;;;fabmav;;;;;;;endflyer;leeronson
mimixoxo15;;;;;;;thejoshuachong;;;;;;;yjiaren;ngtammy
jasminegoh;;;;;;;risnisahala;;;;;;;fotojoys;oscarheng
pcpy;;;;;;;klvnxzvn;;;;;;;bellaella777;han_alogy
therubbishbox;;;;;;;naomielicouz;;;;;;;hweeleeeee;universaldisobey
xsyahrizalx;;;;;;;gaill18;;;;;;;natziwang;masturajuliettewahab
othnielgaijin;;;;;;;jennillious;;;;;;;shermeoww;liewclara
stephaniezakaria;;;;;;;jamielouborile;;;;;;;andeecys;marlenefan_fyq
clarispang;;;;;;;rabbitjoanne;;;;;;;harryew79;mshannahchia
urbanwit;;;;;;;demmiefermin;;;;;;;eshennafix;suelynang
exorobyn;;;;;;;choulyin;;;;;;;theloveenasharma;theresiawongso
vivienneeluv;;;;;;;reiiputt;;;;;;;mey_makeup;laytinolivia
rabinwilliamsae;;;;;;;rinicesillia;;;;;;;cornelyus;jellytelly
captaincarlitos;;;;;;;imthejessicat;;;;;;;ultdclothing;rachinfashion
xjingwen;;;;;;;rubydotmy;;;;;;;jpinsider;zerikagan
teachertrekker;;;;;;;ayueidris;;;;;;;m21_k09;fashrealm
singaporeflw;;;;;;;chescademesa;;;;;;;lindseydish;robin.koh
feifeifeiyun;;;;;;;annactub;;;;;;;nadiamaya;jessoxm
psoriasisman;;;;;;;cindytong86;;;;;;;cecilia446;hpility
ngalice;;;;;;;kid.estrdx;;;;;;;tattooing_demon_studio;lastknownlocation
stylebyjane;;;;;;;_phyliciamarie;;;;;;;winstonwinston1;yanakalaw
vloh1;;;;;;;shermaine.ng;;;;;;;ctasranmakeover;ainul_mustafa
hweeyiamelia;;;;;;;nellecabanban;;;;;;;alamakgirl;chhyyee
sexviagensrock;;;;;;;syafiera_yamin;;;;;;;jauhmadu;eatineraryid
basicmodels;;;;;;;littlemisssmexy;;;;;;;desolickboutique;msoinkee
pinkalious_princess;;;;;;;debbiefermin;;;;;;;makeup_hub_by_g;aliceduong
axdelwen;;;;;;;alyssatuangco;;;;;;;armanique;ernestongch
zippyzipeng;;;;;;;rima_angel;;;;;;;jcjoechan;triciakohh
msskinnyfat;;;;;;;jouatotherescue;;;;;;;cherlyn_ong;luminnej
eatandtravelwithus;;;;;;;auracharisse;;;;;;;ghoztfart.hero;chewyourchow
ashleygzy;;;;;;;lathergoodsph;;;;;;;mumulsession;nkikichua
xeniatchoumi;;;;;;;hermazlisa;;;;;;;helloitsming;nelsonwee
heyitslaser;;;;;;;hermesworlds;;;;;;;leslieyapyize;dancexpression
crystal_panda_chan;;;;;;;tinavcruz;;;;;;;paulfosterrr;3atfirst
ix.zinz;;;;;;;rita_yam;;;;;;;yuriko12354;norman_souza_tan
fittysense;;;;;;;sunshinekelly2988;;;;;;;dwiendah_mua;annsleyw
;;;;;;;bybeedazzled;;;;;;;q.link;cheyennelazaroo
;;;;;;;annapatrish;;;;;;;kevin_the_hiak;elpluswr
;;;;;;;kkkkkeevvvc;;;;;;;raturegina_mua;jeeeeezxo
;;;;;;;whatwomenwant;;;;;;;nailartexpress;joannaisabellag
;;;;;;;lindaleenk;;;;;;;derongng;lagoon
;;;;;;;reginachow_sg;;;;;;;nghuimin;hannahchiafoodtrail
;;;;;;;importgrosirbatam;;;;;;;pauleflores;iamracheltang
;;;;;;;hellolobang;;;;;;;bakersofsgp;paperfections25
;;;;;;;sydneyfoodcrew;;;;;;;kennethong;haute.culture
;;;;;;;madebytin_singapore;;;;;;;aiksooon;deeniseglitz
;;;;;;;monicalimshop;;;;;;;pafrenz;darrenn9
;;;;;;;ginevi;;;;;;;joyolivia;subvertmoves
;;;;;;;sarashantellelim;;;;;;;larvitar;hkfoodstagram
;;;;;;;emilio_guido_uae;;;;;;;marketfollowers;musicalhouses
;;;;;;;mylovelysister;;;;;;;lookbook;mjclyn
;;;;;;;rochelleabellaa;;;;;;;jessicaval;pearlywerkz
;;;;;;;janicemonteith;;;;;;;kasuouh;littlehouseofdreams
;;;;;;;thaoviphan;;;;;;;littlereffyfifi;monicayatmatama
;;;;;;;loofie_j;;;;;;;kensamudio;othnielgaijin
;;;;;;;caras_camera;;;;;;;kiimbodia;tatiortiz23
;;;;;;;ms_boutiquee;;;;;;;veronicaphua;clarispang
;;;;;;;iklan_belanja2;;;;;;;sungra_;huda_whoduh
;;;;;;;chw131;;;;;;;thelouvrebridal;lindseydish
;;;;;;;reviveramesh;;;;;;;;vivienneeluv
;;;;;;;ena_teo;;;;;;;;_blueblackwhite
;;;;;;;monicaxtrina;;;;;;;;miccolosolis
;;;;;;;affordablenworthitcloset;;;;;;;;littletartbaker
;;;;;;;ladies_journal;;;;;;;;nailsbykarise
;;;;;;;marilene_perez;;;;;;;;kichistuff
;;;;;;;thehungrycow;;;;;;;;johorkaki
;;;;;;;grosir_import;;;;;;;;doubletapbynima
;;;;;;;dressbajufashion;;;;;;;;rosebulletsg
;;;;;;;kaitinghearts;;;;;;;;clarabellefaithng
;;;;;;;vanitybykristine;;;;;;;;feifeifeiyun
;;;;;;;jalyangg;;;;;;;;nadineodelia
;;;;;;;cherieladie;;;;;;;;liceylivelife
;;;;;;;ellaes_bonita;;;;;;;;zidaneong
;;;;;;;ngtammy;;;;;;;;peek_a_boo_collections
;;;;;;;phinqshop;;;;;;;;jannahmdisa
;;;;;;;cucinaconstileofficial;;;;;;;;salinaaa__
;;;;;;;perfectbage;;;;;;;;shanelkiehls
;;;;;;;han_alogy;;;;;;;;shaun_owyeong
;;;;;;;armanianlilparadise;;;;;;;;j_yaying
;;;;;;;handicraftindia;;;;;;;;charlene22
;;;;;;;universaldisobey;;;;;;;;elanakhong
;;;;;;;rollingchubbychefs;;;;;;;;caesarangel
;;;;;;;shop_rashi;;;;;;;;faithyvanitytable
;;;;;;;shopventurelove;;;;;;;;lollipopriez
;;;;;;;cyndixys_;;;;;;;;foeshitzme
;;;;;;;mess_shop_hk;;;;;;;;axdelwen
;;;;;;;daprayer;;;;;;;;cindy.khor
;;;;;;;sethluicious;;;;;;;;heyitslaser
;;;;;;;plongin;;;;;;;;william82sg
;;;;;;;jonthearchitect;;;;;;;;rainbowshoppee
;;;;;;;aun_koh;;;;;;;;blacksatinoblog
;;;;;;;super_outlet4;;;;;;;;itsofficialjojo
;;;;;;;bitchikni;;;;;;;;
;;;;;;;fashionabbynyc;;;;;;;;
;;;;;;;mshannahchia;;;;;;;;
;;;;;;;valthestrange;;;;;;;;
;;;;;;;fifiliciousify;;;;;;;;
;;;;;;;tebisha;;;;;;;;
;;;;;;;stanzazone;;;;;;;;
;;;;;;;theresiawongso;;;;;;;;
;;;;;;;lia_r2000;;;;;;;;
;;;;;;;motdmotd;;;;;;;;
;;;;;;;rachinfashion;;;;;;;;
;;;;;;;missrachelrawr;;;;;;;;
;;;;;;;coisse_olshop;;;;;;;;
;;;;;;;iklanpromoteoss6;;;;;;;;
;;;;;;;boardroomofficial;;;;;;;;
;;;;;;;whereiskarren;;;;;;;;
;;;;;;;zerikagan;;;;;;;;
;;;;;;;fashrealm;;;;;;;;
;;;;;;;sharonachia;;;;;;;;
;;;;;;;natasha_shrotri;;;;;;;;
;;;;;;;vanxfit;;;;;;;;
;;;;;;;fandylo;;;;;;;;
;;;;;;;ayu_goh;;;;;;;;
;;;;;;;activeredsg;;;;;;;;
;;;;;;;hpility;;;;;;;;
;;;;;;;celemaiinaltetocuri;;;;;;;;
;;;;;;;orsor;;;;;;;;
;;;;;;;andiniria;;;;;;;;
;;;;;;;bugisstreetdesserts;;;;;;;;
;;;;;;;v_shapovalova;;;;;;;;
;;;;;;;wheretoshopsg;;;;;;;;
;;;;;;;theworldwetravelblog;;;;;;;;
;;;;;;;yanakalaw;;;;;;;;
;;;;;;;colinchen.jpg;;;;;;;;
;;;;;;;fashionide;;;;;;;;
;;;;;;;sherryshroff;;;;;;;;
;;;;;;;shopselfstyle;;;;;;;;
;;;;;;;ainul_mustafa;;;;;;;;
;;;;;;;getklarity;;;;;;;;
;;;;;;;chhyyee;;;;;;;;
;;;;;;;beautifulbuns_sg;;;;;;;;
;;;;;;;zee.eez_boutique;;;;;;;;
;;;;;;;amandachic_official;;;;;;;;
;;;;;;;thevintagevision;;;;;;;;
;;;;;;;ourstilettolives;;;;;;;;
;;;;;;;katongkidsinc;;;;;;;;
;;;;;;;globalfitfoundation;;;;;;;;
;;;;;;;annq_chg;;;;;;;;
;;;;;;;coreneaini;;;;;;;;
;;;;;;;eatineraryid;;;;;;;;
;;;;;;;shopmeandmy;;;;;;;;
;;;;;;;berlinstorm_;;;;;;;;
;;;;;;;hypebeyst;;;;;;;;
;;;;;;;curvesbecomeher;;;;;;;;
;;;;;;;tuni.metropolife;;;;;;;;
;;;;;;;msoinkee;;;;;;;;
;;;;;;;frugalfancyfit;;;;;;;;
;;;;;;;herine_ang;;;;;;;;
;;;;;;;biancahoh;;;;;;;;
;;;;;;;marlissa_satcblog;;;;;;;;
;;;;;;;roanne_rrr;;;;;;;;
;;;;;;;triciakohh;;;;;;;;
;;;;;;;shopbrittanybow;;;;;;;;
;;;;;;;goladyayuningtyas;;;;;;;;
;;;;;;;rupenzel_;;;;;;;;
;;;;;;;luminnej;;;;;;;;
;;;;;;;carpigiani1946;;;;;;;;
;;;;;;;theambitionista;;;;;;;;
;;;;;;;adeline_hokulani;;;;;;;;
;;;;;;;chewyourchow;;;;;;;;
;;;;;;;klioschni;;;;;;;;
;;;;;;;dream_luxury_supplier;;;;;;;;
;;;;;;;dianarosapina;;;;;;;;
;;;;;;;miguelraphael_xo;;;;;;;;
;;;;;;;thegaltravels;;;;;;;;
;;;;;;;reueleugene;;;;;;;;
;;;;;;;acacialabel;;;;;;;;
;;;;;;;_ongly_;;;;;;;;
;;;;;;;lacqueredaffair;;;;;;;;
;;;;;;;travelsofastylist;;;;;;;;
;;;;;;;gracemyu;;;;;;;;
;;;;;;;relatablemissrenton;;;;;;;;
;;;;;;;mahirakaftan;;;;;;;;
;;;;;;;kellylouiss;;;;;;;;
;;;;;;;whattoeatah;;;;;;;;
;;;;;;;maisoncaulieres;;;;;;;;
;;;;;;;cheyennelazaroo;;;;;;;;
;;;;;;;silkcutsalon;;;;;;;;
;;;;;;;littlemisshoney;;;;;;;;
;;;;;;;leylabrunton;;;;;;;;
;;;;;;;hannahchiafoodtrail;;;;;;;;
;;;;;;;iamracheltang;;;;;;;;
;;;;;;;silverkis;;;;;;;;
;;;;;;;iqueen_sg;;;;;;;;
;;;;;;;haute.culture;;;;;;;;
;;;;;;;sunnyfoodbunny;;;;;;;;
;;;;;;;hangoutwithdani;;;;;;;;
;;;;;;;akunnamatata90;;;;;;;;
;;;;;;;deeniseglitz;;;;;;;;
;;;;;;;flintette77_sw;;;;;;;;
;;;;;;;princessjanediary;;;;;;;;
;;;;;;;zaytie20;;;;;;;;
;;;;;;;kelynnnai;;;;;;;;
;;;;;;;letsshopwithkiks;;;;;;;;
;;;;;;;luxe_jewelry_;;;;;;;;
;;;;;;;golly_locks;;;;;;;;
;;;;;;;hk__foodie;;;;;;;;
;;;;;;;lienje;;;;;;;;
;;;;;;;tauyanm;;;;;;;;
;;;;;;;jadeamar;;;;;;;;
;;;;;;;missellaswelt;;;;;;;;
;;;;;;;saloni.attitude;;;;;;;;
;;;;;;;littlenailscastle;;;;;;;;
;;;;;;;clemschowder;;;;;;;;
;;;;;;;bananachocolate.sg;;;;;;;;
;;;;;;;yoursnaturely;;;;;;;;
;;;;;;;roshnideepak;;;;;;;;
;;;;;;;houseofsheens;;;;;;;;
;;;;;;;xris_xism;;;;;;;;
;;;;;;;jeez_jia;;;;;;;;
;;;;;;;jessilogysg;;;;;;;;
;;;;;;;jocose.sg;;;;;;;;
;;;;;;;chinchaijiak;;;;;;;;
;;;;;;;yukimaryrosel;;;;;;;;
;;;;;;;myfoodsirens;;;;;;;;
;;;;;;;soul_of_fashion88;;;;;;;;
;;;;;;;nickykow;;;;;;;;
;;;;;;;monicayatmatama;;;;;;;;
;;;;;;;natziwang;;;;;;;;
;;;;;;;singaporenails;;;;;;;;
;;;;;;;hungrymelissa;;;;;;;;
;;;;;;;thedonutfloat;;;;;;;;
;;;;;;;grace_dolls;;;;;;;;
;;;;;;;tembusuprojects;;;;;;;;
;;;;;;;touchprandevents;;;;;;;;
;;;;;;;whiskeyandsoba;;;;;;;;
;;;;;;;rxrmagazine;;;;;;;;
;;;;;;;necklacebychristine;;;;;;;;
;;;;;;;colorizefashion;;;;;;;;
;;;;;;;smomblogs;;;;;;;;
;;;;;;;dineandgo;;;;;;;;
;;;;;;;thenailsocial;;;;;;;;
;;;;;;;ybeauty_4u;;;;;;;;
;;;;;;;jpinsider;;;;;;;;
;;;;;;;shootingstar18;;;;;;;;
;;;;;;;expatwoman;;;;;;;;
;;;;;;;lindseydish;;;;;;;;
;;;;;;;iamfoodaddict;;;;;;;;
;;;;;;;keaynigel;;;;;;;;
;;;;;;;korea_lady;;;;;;;;
;;;;;;;viacolviaggio;;;;;;;;
;;;;;;;maxinetwigg;;;;;;;;
;;;;;;;serafina.living;;;;;;;;
;;;;;;;_blueblackwhite;;;;;;;;
;;;;;;;miehamada;;;;;;;;
;;;;;;;musicdiary;;;;;;;;
;;;;;;;travelfiends;;;;;;;;
;;;;;;;makeup_hub_by_g;;;;;;;;
;;;;;;;cheryldesiree;;;;;;;;
;;;;;;;mrlustin;;;;;;;;
;;;;;;;tirtawahyu;;;;;;;;
;;;;;;;bringjoyceebellbacktolife;;;;;;;;
;;;;;;;shopmyflairlady;;;;;;;;
;;;;;;;janemeans;;;;;;;;
;;;;;;;the_theme_ig;;;;;;;;
;;;;;;;eunicekong;;;;;;;;
;;;;;;;roselovekitty;;;;;;;;
;;;;;;;thegalerie;;;;;;;;
;;;;;;;bubbamama;;;;;;;;
;;;;;;;myfatpocket;;;;;;;;
;;;;;;;johorkaki;;;;;;;;
;;;;;;;angiesilverspoon;;;;;;;;
;;;;;;;mytravellicious;;;;;;;;
;;;;;;;super_outlet1;;;;;;;;
;;;;;;;doubletapbynima;;;;;;;;
;;;;;;;prittae;;;;;;;;
;;;;;;;the.hashtaggg;;;;;;;;
;;;;;;;leslieyapyize;;;;;;;;
;;;;;;;_mar.cus_;;;;;;;;
;;;;;;;eatdreamlove;;;;;;;;
;;;;;;;kenixho;;;;;;;;
;;;;;;;franksland;;;;;;;;
;;;;;;;beatricefontanastudio;;;;;;;;
;;;;;;;imiqq;;;;;;;;
;;;;;;;psoriasisman;;;;;;;;
;;;;;;;chiamhuiy;;;;;;;;
;;;;;;;melissajaneferosha;;;;;;;;
;;;;;;;thefoodiezhub;;;;;;;;
;;;;;;;velvetsroom;;;;;;;;
;;;;;;;diletta2605;;;;;;;;
;;;;;;;shanelkiehls;;;;;;;;
;;;;;;;shopmybagcouture;;;;;;;;
;;;;;;;snowyxrabbit;;;;;;;;
;;;;;;;shaun_owyeong;;;;;;;;
;;;;;;;stylebyjane;;;;;;;;
;;;;;;;vloh1;;;;;;;;
;;;;;;;blackfridaysaless;;;;;;;;
;;;;;;;j_yaying;;;;;;;;
;;;;;;;charlene22;;;;;;;;
;;;;;;;faithyvanitytable;;;;;;;;
;;;;;;;prothorn_10;;;;;;;;
;;;;;;;asian_sweetheart;;;;;;;;
;;;;;;;hazelleo;;;;;;;;
;;;;;;;oftravelsandtales;;;;;;;;
;;;;;;;mr.boo89;;;;;;;;
;;;;;;;ryanraroar;;;;;;;;
;;;;;;;emptyplateblog;;;;;;;;
;;;;;;;sexviagensrock;;;;;;;;
;;;;;;;walkin_closetshop;;;;;;;;
;;;;;;;lookbook;;;;;;;;
;;;;;;;atouchofbee;;;;;;;;
;;;;;;;pinkalious_princess;;;;;;;;
;;;;;;;mitsueki;;;;;;;;
;;;;;;;geraldpng;;;;;;;;
;;;;;;;nails_etcetera;;;;;;;;
;;;;;;;welovefleamarkets;;;;;;;;
;;;;;;;msskinnyfat;;;;;;;;
;;;;;;;cindy.khor;;;;;;;;
;;;;;;;jessicaval;;;;;;;;
;;;;;;;xeniatchoumi;;;;;;;;
;;;;;;;onedayonetravel;;;;;;;;
;;;;;;;backpackerfootsteps;;;;;;;;
;;;;;;;vrlluxurybrands;;;;;;;;
;;;;;;;imeeskitchen;;;;;;;;
;;;;;;;firstclassbelongings;;;;;;;;
;;;;;;;chopyourpassport;;;;;;;;
;;;;;;;funkytechnician;;;;;;;;
;;;;;;;william82sg;;;;;;;;
;;;;;;;summerfreakproject_sg;;;;;;;;
;;;;;;;raffaaaroze;;;;;;;;
;;;;;;;jeunesse_distributor;;;;;;;;
;;;;;;;corigons;;;;;;;;
;;;;;;;saksthomas;;;;;;;;
;;;;;;;blacksatinoblog;;;;;;;;
;;;;;;;sandyshakes;;;;;;;;
;;;;;;;itsofficialjojo;;;;;;;;
;;;;;;;qttiegelly;;;;;;;;
boutique;handmade;store;ships;handcraft;shop;discount;itunes.apple;submit;follow us;sale!;ship worldwide;ship internationally;made in;worldwide delivery;ship world wide;shipping;order:;sell;order by;bigcartel.com;showroom;customade;custom made;made by;community;accessories;premium;sales;order online;orderform;order form
alainlicious;wontyouburnbitch;alainlicious;chanellearetha;alainlicious;elodbelle;alynamelia;;get.fash;olacocinadelmar;jejeolshopp;thevintagestash;radpopsicles;alainlicious;amber_fashions;shopthestylemafia;glamourlabeaute;ladycharm_bracelet;ilovedawn00;firsthandposingapore;artsylow;miwitch;;nailcorset;thediffconcept;f3singapore;cojayn;alainlicious;secretstogoddess;handicraftindia;;abscapella
vainpotboutique;af_inc_;thevintagestash;theblushinc;suave.official;vainpotboutique;secretstogoddess;;_fallingsnowflakes;paintertainmentasia;theminiaturecakeshop;passpotter;craftysuelau;icloth;babystyleicon;younghungryfree;wontyouburnbitch;misslunabutik;secretstogoddess;vheeca;moomoosignatures;theweddinglimoco;;crowntailor;adelennelee;hanzericle;sortandpepper;alynamelia;pastelstrings;ohsheeshh;;makeup_hub_by_g
icloth;theminiaturecakeshop;cojayn;_fallingsnowflakes;the_hunters_kitchenette;muapparel;get.fash;;leongmingen;hasbrosingapore;charmoflavender;sortandpepper;dresslynthelabel;iberryshoes;styleunni;summerfreakproject_sg;af_inc_;myhumblecloset;icloth;;aprettyaday;wearareu;;thecouturecrown;aun_koh;get.fash;cassansaurus;icloth;af_inc_;nala_yj;;
get.fash;kolombianasg;vainpotboutique;tutulepetite;ae.creatorstudio;glamourlabeaute;af_inc_;;levxn;threads.in.common;misslunabutik;sandytrove;lovellasg;barkinggoodsg;;;ylbeauty;red_ants_shop;quincequinny;;nlfstore;killarijewellery;;;food_fiends_etc;thecatmuseumsg;af_inc_;jejeolshopp;spreegargar;bananachocolate.sg;;
shafzuraexclusive;moomoosignatures;gapsingapore;shopinthewest;hei.crafted;zalia_official;_fallingsnowflakes;;automatiqhigh;shopyventually;spatulabakery;ashincans;conceptn_int;thevampireglenn;;;vulcansingapore;destiarizki;smugglefest;;;zee.eez_boutique;;;sharonachia;alvinology;miwitch;spreegargar;ylbeauty;omgoing;;
noirsattic;grosirsepatubaju;muapparel;angstchild;plus39gelato;ilovedawn00;charmoflavender;;instasg;charmoflavender;natasha_shrotri;carrislabelle;3inute;wlcshop;;;plusifyme;shop_rashi;jejeolshopp;;;eclatbyalisonyuen;;;livelovebijoux;veerabianca;stroberiteen;ladycharm_bracelet;rolandrestaurant;wrapwithkesha;;
cassansaurus;urbankingz_clthng;exhibitstore;ariannebrulcarba;_sassyshirley;secretstogoddess;theshoppinkroom;;soheregoes;gladleighsg;shopmeandmy;supergurl;shopmyflairlady;huney_84;;;feistheist;fittingroom11_;pastelstrings;;;zenwatches;;;matcha5official;thatmalayfella;_fallingsnowflakes;nutrifirst;mariza_kenneth;;;
af_inc_;linennmore;yenwong22;wlcshop;edenbysight.id;icloth;nightdowhat;;ulzzangcutiesxoxo;casiosg;corona_id;kayleykate;the_theme_ig;shaanstylish;;;nudoswimwear;epperlycloset;noirsattic;;;blackkrsna;;;charleswanmushi;toytoylim;froufrousg;ruangcahaya;me_slimming;;;
redcarousel;aprettyaday;glamourlabeaute;thatmalayfella;pastichetouch;findingnana;heykasper;;shopmeandmy;chiyo_and_san;3inute;taratats;fitflywear;justsocarol;;;gabyscollections;projectheartbreak;af_inc_;;;houseofsheens;;;revvmotoring;ving_cl;threads.in.common;fangshopbkk;carrislabelle;;;
gabyscollections;christabeltaz;sortandpepper;dopestreet;msoinkee;smugglefest;savepot_singapore;;curvesbecomeher;nicholasnah;yesstyle;ninthstore;summerfreakproject_sg;jiachyi__;;;queensrepublic;tenjolaya_collection;spreegargar;;;;;;thecouturecrown;c_tianto;designhandel;singoolshop;andyuki;;;
threads.in.common;lydiaunicornting;secretstogoddess;etrangle;in_trigue;get.fash;accessorize_girls;;chasingthedistance;xjace;styles_republic;designhandel;;chiyo_and_san;;;threads.in.common;makeup_hub_by_g;luxifyofficial;;;;;;libaasghar;mo_singapore;kolombianasg;thehoneybeeco;ladycharm_bracelet;;;
thepastelpantry;b3njohnson;smugglefest;stealthe.style;acacialabel;wanxiaxia;ss_vogue;;faintedfloral;mikelquek;begmurahsangat2;cloudandvictory;;urbankingz_clthng;;;taratats;cutieshoesstore;mariza_kenneth;;;;;;deedeeang;7cycle;charmoflavender;ms_closet20;theminiaturecakeshop;;;
lepetitsociety;hellolobang;get.fash;yelpsingapore;thebotanicalplate;jejeolshopp;deerprincess_;;icon_mag;hendra_r;makeup_hub_by_g;elstarade;;christensenbags;;;winnshopp_1sthand_konveksi;ootdbyaj;_fallingsnowflakes;;;;;;sgfoodonfoot;sn00pyee;tqriot;ss_vogue;thatmalayfella;;;
dopestreet;tomochi152;cassansaurus;pyzis;mmerciencore;pastelstrings;de_vogues;;;taxigrabber70;aisakuraharuka;svntism;;13thmessenger;;;kolombianasg;summerfreakproject_sg;yenniedoll;;;;;;shaun_owyeong;atableoftwo;lookbox_living;saveursg;theshoppinkroom;;;
dresslynthelabel;madebytin_singapore;seoulinlove;garytechie;silverkis;noirsattic;cutekawaii520;;;obat_mata_minus;ootdbyaj;secretclovers;;dollybabyyyy;;;charmoflavender;;lovebazaarph;;;;;;jessicaval;zeecrnls;vintagemenstuff;iklanpromote_barang_;les_weekender;;;
inprom2events;_sassyshirley;ashincans;clairejedrek;rog3rgoh;joeyang1277;thehungrycow;;;savepot_singapore;koreaitem_shop;tqriot;;kabanbag;;;xhysteriaa;;style_ahjie;;;;;;kiimbodia;hazelnutbar;craftysuelau;de_vogues;dollywink_official;;;
larryyeo;meimeisignatures;bohemianbirdy;sanctitymoon;woodberryshop;shopaholicdotsg;igshop_ads_phil;;;eydahelyda_shop;;svnster;;ettetea;;;vrbdiy;;queensrepublic;;;;;;khongkwan_style;ilovekeathong;inprom2events;kaguyacastle_;theclothlosophy;;;
ms_closet20;kabanbag;asianbanter;loveige;the_theme_ig;snnngorious;theconfettilife;;;blessincasia;;annabellaeve;;shop_rashi;;;emmalauechildren;;thingswelovesg;;;;;;;misstamchiak;shopybf;anytimesk8;decbeauty;;;
lindaleenk;spatulabakery;spreegargar;getklarity;butterpups;ashincans;dapperhub;;;yourtrips.de;;svntian;;mummamij;;;hairdicted.sg;;winnshopp_1sthand_konveksi;;;;;;;tnemgarf;beautebloom;igeighteenshopp;beautyroom26;;;
wom_sgpr;madeleemirza;ylbeauty;jaschocolate;lyzcosmetics;bloesemblogs;ivanseow;;;girls_sh;;xhysteriaa;;ememwardrobe;;;sg_laduree_preorder;;theminiaturecakeshop;;;;;;;taxigrabber70;shopzyler;ing_fashionstar;beccawxr;;;
sleepygalsh;tophair20134;onekueh_at_atime;in_trigue;william82sg;chanellearetha;zerikagan;;;ememwardrobe;;francescism;;supershadessg;;;herdaintycloset;;charmoflavender;;;;;;;vocalizedpourz;cavaliervault;mainframe.store;christensenbags;;;
goneinpieces;tophair002;me_slimming;glampot;;flowergirlsingapore;nomnom.sg;;;dapperhub;;svntart;;thefishshnack;;;moomoosignatures;;look_at_here1;;;;;;;simplepeace;weiric;super_outlet4;sgmermaid;;;
lindaalv;ing_fashionstar;lahpompom;rupenzel_;;a.vicii;sharonachia;;;gothiclolitawigs;;burdmanlawanda;;secondarilycloset;;;reveatelier;;sgmenstore;;;;;;;oscar.thecorgi;accessorize_girls;sharonachia;montifs;;;
safanah_boutique;_ushiou_just_xs;theblushinc;unspokenlabel;;makeup_box;misspisces_hk;;;ohsheeshh;;clementinism;;justamaze;;;poplookshop;;lademoiselle_id;;;;;;;calvinavigator;completethelookz;oaoshop;savepot_singapore;;;
trulyenamoured;sweetyhandmadediy;mrnicholas88;silverkis;;kseniadey;wheretoshopsg;;;daily_koreanstyle;;shandisoshnik;;motdmotd;;;hoshanastore;;thatmalayfella;;;;;;;tobymycorgi;fionaclw;jensen.val;borongdropship;;;
ranashaboutique;lolita_candy;pvs_sg;yjiaren;;spreegargar;megafleamarket;;;cisforcelebrity;;svnteal;;ringislove;;;thechicplatform;;vrbdiy;;;;;;;yelpsingapore;_sassyshirley;zee.eez_boutique;houseofatlantis;;;
zee.eez_boutique;livelovebijoux;nudoswimwear;handbaghive;;ylbeauty;jamess.k;;;megafleamarket;;antoniecarey;;oaoshop;;;kfts_clothing;;sg_laduree_preorder;;;;;;;instasg;shahzadi_bradford;fittingroom11_;_sassyshirley;;;
sofrockinggood;hellokitty.et.beaute;queensrepublic;izesaon;;miwitch;matcha5official;;;ciggapression;;stensonathena;;orsor;;;poplook;;temporarylocal;;;;;;;kidaho89;shoppinghepi;mjteo;goneinpieces;;;
eclecticismsg;jesscottage;makeupstoresingapore;theclutterbugshop;;desireekoh13;urbanoutliving;;;wheretoeatinsg;;fivestonesvintage;;uyii;;;chiyo_and_san;;nehpyh;;;;;;;thefugitivebaker;elecomfy;dream_luxury_supplier;emilio_guido_uae;;;
jocaliabyza;pastichetouch;threads.in.common;myfatpocket;;shining_angles;eileenongxt;;;ourstilettolives;;drmers;;guymacgregor;;;dresslynthelabel;;levxn;;;;;;;loofie_j;cutekawaii520;barbie_rooms;bajumurahdropship;;;
zenwatches;ourstilettolives;littlemagsg;the.hashtaggg;;mariza_kenneth;dancexpression;;;shopmeandmy;;giftandthank;;eatoutsg;;;beautyroom26;;celia_hish;;;;;;;thecaptured_moments;ulzzang.makeup.fashion;branded_handbags_kualalumpur;fadznana;;;
forte26;uyii;ninthstore;psoriasisman;;me_slimming;yluxury.com.sg;;;unspokenlabel;;svntia;;mary_closet;;;aprettyaday;;edrussell;;;;;;;desmondoteo;armanianlilparadise;a5_accessories;haruhousee;;;
yesdresss;msoinkee;angstchild;sogurtsg;;feistheist;chainlessbrain;;;regentsingapore;;eviasuki;;begain___;;;fangshopbkk;;casethetic;;;;;;;serenaty.sg;cikmeow_store;forte26;candywso;;;
fulfill_room;matcha5official;winnshopp_1sthand_konveksi;hasiiff;;_fallingsnowflakes;hannahchiafoodtrail;;;revvmotoring;;svnted;;bry_wong;;;shopzyler;;chiyo_and_san;;;;;;;hawaresat;soheregoes;muhdsyuk;ohsheeshh;;;
myspringfling;_bettysfriend;redpoppiez;bakersofsgp;;mrnicholas88;sgcafefood;;;3inute;;theclothlosophy;;thecouturecrown;;;desiethnicity;;grosirsepatubaju;;;;;;;aspirantsg;dapperhub;cafegramsg;sharonachia;;;
maisonqsg;thejjaccessories;evangelineneo;pafrenz;;cristalbeauties;3inute;;;sunnyfoodbunny;;wrightselkarin;;chrissy19071979;;;ms_closet20;;victoriamichi;;;;;;;limtehc;thedreamersg;sgcafefood;adelineybx;;;
may_6reen;acacialabel;humblebones;grabzsg;;pvs_sg;chaneeyap;;;ddqservices;;svntist;;cultavenue;;;hijabkhawla;;decbeauty;;;;;;;yogibearcorgi;axisfashion;tenjolaya_collection;hellokitty.et.beaute;;;
herworldsingapore;_bohemianbutterfly_;wlcshop;corigons;;tutulepetite;hk__foodie;;;sole.edts;;beautyroom26;;omgoing;;;meimeisignatures;;ruangcahaya;;;;;;;skinbyrd_;colouredchains;letsshopwithkiks;wheretoshopsg;;;
desolickboutique;chainlessbrain;radpopsicles;qttiegelly;;supergurl;bananachocolate.sg;;;sgblackheartburlesque;;shopybf;;ddm_stationhk;;;dochuuuu;;http.hotblood;;;;;;;robin.koh;arva.co;sole.edts;ciggapression;;;
dmajestique;a5_accessories;charmoflavender;;;kayleykate;houseofsheens;;;littlenailscastle;;aprettyaday;;de.sweet.de;;;lush.blush27;;yeapyi;;;;;;;boywithhaemoglobin;ab_fashionmadness;thegroomingsociety;montynawaz;;;
missempire;amber_fashions;newlooksg;;;ladycharm_bracelet;jessilogysg;;;bananachocolate.sg;;shopsfashionsg;;johorkaki;;;igshop_ads_phil;;shopybf;;;;;;;sgig;puffydollcouture;normmiicloset;ranashaboutique;;;
ribbonandroses;catherinecwyee;reverendrabbitsg;;;style_ahjie;bellaella777;;;myfoodsirens;;beautysofly;;stephyonthego;;;jojo_unistyle;;zennwong;;;;;;;indianchao;ohsheeshh;24fabulous;gardencityphotos;;;
thedesignclosets;paperfections25;cuckoolittlelifestyle;;;froufrousg;thecouturecrown;;;appareltrends_sg;;sugarfoxstore;;b2kpet;;;shop_rashi;;fangshopbkk;;;;;;;shabubuyu;sharonachia;insidesbeautysg;zee.eez_boutique;;;
hediardsingapore;luxe_jewelry_;tqriot;;;buttonmybuttons;yesstyle;;;joogotravel;;montifs;;smileyclothing;;;blending.basic;;xiying87at;;;;;;;6e483e899;livelovebijoux;promote_luxurykaftan;annq_chg;;;
shopmybagcouture;luv_pamela;bellaboxasia;;;queensrepublic;thewatchlocker;;;travelfiends;;svnter;;shopmybagcouture;;;mainframe.store;;dewifitriani442;;;;;;;wanbarthez;whitechocoz;faintedfloral;roanne_rrr;;;
hazelleo;littlehouseofdreams;josminong;;;thingswelovesg;sassymamasg;;;furtographysg;;kampongdecor;;stylebyjane;;;colouredchains;;singoolshop;;;;;;;guymacgregor;natasha_shrotri;bajurenangonline;winnnafi;;;
bedimages;youklubkid;lookbox_living;;;threads.in.common;keaynigel;;;estherwindsorjewellery;;mixcultureshop;;atouchofbee;;;gothiclolitawigs;;mirra_meww;;;;;;;cherraexoxo;sheshayx;libaasghar;stevenneo25481;;;
shentonista;thecouturecrown;dopestreet;;;shopinthewest;serafina.living;;;bubbamama;;justamaze;;korean.closet;;;ohsheeshh;;beccawxr;;;;;;;curvesbecomeher;pastichetouch;dailylookme;jocaliabyza;;;
atouchofbee;tophair003;theshoppinkroom;;;club21b;yudithiadith;;;lobangsg;;arva.co;;bynorra;;;livelovebijoux;;sophisticatedshop;;;;;;;leatherandboots;shopselfstyle;thegalerie;ellelyfashion;;;
veronicaphua;tophairbobo;vegetaraian;;;2livefor_fashion_beauty;bellewhite_shop;;;b2kpet;;privikids;;koreaitem_shop;;;chrys_treasured_chest;;preppy.and.cool;;;;;;;weliveinaflat;zee.eez_boutique;intellect.owl;dawangthebritishbulldog;;;
jeunesse_distributor;joanonymous;ms_rach;;;shopyventually;b2kpet;;;hennesmauritz;;theluxurycat;;;;;thepiqueup;;loveforshoe;;;;;;;rupenzel_;ourstilettolives;super_outlet1;chasingthedistance;;;
;tophairwawa;blynk;;;winnshopp_1sthand_konveksi;kevin_the_hiak;;;silverskypets;;modelle.co;;;;;styliaacom;;summerscenz;;;;;;;phonenomenon;shopmeandmy;theneyen;cheyennelazaroo;;;
;tungngernbag;herdaintycloset;;;redpoppiez;bernarosaofficial;;;bestintravel;;thebasiq;;;;;privikids;;sgmermaid;;;;;;;nuffnang;msoinkee;shopmybagcouture;blogshop_vintage;;;
;alamakgirl;moomoosignatures;;;selina812004;adix82;;;bedimages;;touchmeswimwear;;;;;ringislove;;hlrys;;;;;;;sgcafefood;in_trigue;sgfoodonfoot;pembekalbajukpop;;;
;serenewongms;fashyfastforward;;;theminiaturecakeshop;shopmybagcouture;;;chopyourpassport;;annq_chg;;;;;celemaiinaltetocuri;;thehoneybeeco;;;;;;;dathography;matcha5official;slickieslaces;3inute;;;
;lemarikaca;maxtanstudio;;;wlcshop;stylebyjane;;;icon_mag;;sofrockinggood;;;;;beautyclick.house;;iamidayishun;;;;;;;hangoutwithdani;thejjaccessories;sginstababes;pembekaldropshipsemua;;;
;the_theme_ig;dooaday;;;charmoflavender;h_eiress;;;mmbfruit;;helloplusminus;;;;;zee.eez_boutique;;larryyeo;;;;;;;nara.hijab;chainlessbrain;grabzsg;blackkrsna;;;
;tophairhk;erikartoon;;;toutacouphk;twentycaps;;;;;shopbrittanybow;;;;;syameena.store;;makeuplovebyrang;;;;;;;myartpencil;a5_accessories;welovefleamarkets;chaneeyap;;;
;eatdreamlove;ving_cl;;;cartogramme;caylacloset;;;;;_bohemianbutterfly_;;;;;shopmeandmy;;hermazlisa;;;;;;;subvertmoves;begain___;kimgeck;borongbajumurah;;;
;munafique;chiyo_and_san;;;ziweichye;fashionkawaii.asiancute;;;;;chainlessbrain;;;;;trixtrox;;superoutfitters;;;;;;;afdalamin;dolphin_yeo;khongkwan_style;crosslace;;;
;beatricefontanastudio;thelittlebadgestore;;;secretclovers;nails_etcetera;;;;;tracyeinny;;;;;pinwheeljewels;;cantikkerudung;;;;;;;vocalpours;haute.culture;mmbfruit;jessilogysg;;;
;paotungbag;theclothlosophy;;;bellaboxasia;kimgeck;;;;;thegroomingsociety;;;;;glampot;;misslunabutik;;;;;;;fergiea;wowwow5online;;viroon89;;;
;syahm5;wanradya;;;patlaw;kiimbodia;;;;;woodberryshop;;;;;fourg_gadget;;keziashops;;;;;;;fotojoys;fulfill_room;;ferdinand_hamdan;;;
;peek_a_boo_collections;linennmore;;;thatmalayfella;william82sg;;;;;shoplabellavita;;;;;naiise;;borongdropship;;;;;;;saltyhan;etchandbolts;;handbaghive;;;
;hellohlove;sepiatonedlove;;;josminong;styleunni;;;;;omgoing;;;;;mary_closet;;birkin_kelly;;;;;;;kennethtwe;may_6reen;;soul_of_fashion88;;;
;sgfoodonfoot;automatiqhigh;;;hemdandco;;;;;;shopsecretclovers;;;;;chasingthedistance;;ms_closet20;;;;;;;harryew79;houseofsheens;;thecouturecrown;;;
;joyolivia;beautyroom26;;;xhysteriaa;;;;;;successgrid;;;;;dearcharme;;houseofatlantis;;;;;;;pawcation;jocose.sg;;begmurahdropship;;;
;makanarts;shopybf;;;lookbox_living;;;;;;flizconcept;;;;;forte26;;ss_vogue;;;;;;;123kotkot_miau;lukeidham;;saltyhan;;;
;ryanraroar;taxigrabber70;;;theshoppinkroom;;;;;;de.sweet.de;;;;;amber_fashions;;andregoiano;;;;;;;thecarousell;nickykow;;fatfloatsg;;;
;thequarterssg;thebeautykitstore;;;vrbdiy;;;;;;the.hashtaggg;;;;;yesdresss;;kampongdecor;;;;;;;hellofee;thecouturecrown;;autofashion_usa;;;
;lookbook;yankistore;;;sg_laduree_preorder;;;;;;bernarosaofficial;;;;;silverkis;;importgrosirbatam;;;;;;;dkrong;jpinsider;;faintedfloral;;;
;gozgozgoz;shopzyler;;;joliuchic;;;;;;lyzcosmetics;;;;;lavender_girlsbeautycare;;raymondaw;;;;;;;vocalpitchers;theclutterbugshop;;ybeauty_4u;;;
;jessicaval;afyqxravff;;;herdaintycloset;;;;;;_sweet12_;;;;;especialshop;;sarahsuteng;;;;;;;ghoztfart.hero;korea_lady;;sneakerpage.cc;;;
;vrlluxurybrands;beautysofly;;;temporarylocal;;;;;;pinkaisle;;;;;luxe_jewelry_;;wearareu;;;;;;;bubbamama;shopwithevelyn;;sweetcartelsg;;;
;thelouvrebridal;desiethnicity;;;leongmingen;;;;;;h_eiress;;;;;thegroomingsociety;;monicalimshop;;;;;;;myfatpocket;flizconcept;;dropshipsemua;;;
;rainbowshoppee;larryyeo;;;levxn;;;;;;welovefleamarkets;;;;;clothingray;;sheepxmeep;;;;;;;theuniform;the_theme_ig;;d01.pursesparty;;;
;jeunesse_distributor;supergapr;;;chiyo_and_san;;;;;;vrlluxurybrands;;;;;clecollections;;unravens;;;;;;;kevin_the_hiak;eunicekong;;serenewongms;;;
;jntay;moeyhudson;;;grosirsepatubaju;;;;;;;;;;;thecouturecrown;;hijabkhawla;;;;;;;derongng;missempire;;shopwithevelyn;;;
;p2angz_bag;thecivilianshop;;;pumpkinhoho;;;;;;;;;;;yesstyle;;ms_boutiquee;;;;;;;adix82;ribbonandroses;;iyoq;;;
;;simco_store;;;dollywink_official;;;;;;;;;;;autofashion_usa;;iklan_belanja2;;;;;;;slickieslaces;bellewhite_shop;;bellewhite_shop;;;
;;reginachow_sg;;;thegoddessmum;;;;;;;;;;;libaasghar;;shoplunete;;;;;;;pafrenz;mintandpint;;trendink;;;
;;wom_sgpr;;;terratheflorist;;;;;;;;;;;ultdclothing;;affordablenworthitcloset;;;;;;;prothorn_10;maddy13184;;theneyen;;;
;;wearareu;;;inprom2events;;;;;;;;;;;cultavenue;;leshane;;;;;;;makanarts;theneyen;;b2kpet;;;
;;pyzis;;;ncenotcoolenough;;;;;;;;;;;romanshinta;;elecomfy;;;;;;;ronwanderlust;beatricefontanastudio;;zidaneong;;;
;;goneinpieces;;;mikelquek;;;;;;;;;;;hairppening.sg;;bajumurahdropship;;;;;;;tancharmaine;smileyclothing;;twenty8october;;;
;;gildarevasseur;;;maryhadalittlelambsg;;;;;;;;;;;omgoing;;magicbabening;;;;;;;1stheist;adix82;;diligent_print;;;
;;de_vogues;;;decbeauty;;;;;;;;;;;keaynigel;;grosir_import;;;;;;;seoszl;shopmybagcouture;;harleen_monstar;;;
;;doreenteo;;;anna_alleshiba;;;;;;;;;;;styles_republic;;dressbajufashion;;;;;;;toshirosg;_sweet12_;;h_eiress;;;
;;spatulabakery;;;urbankingz_clthng;;;;;;;;;;;urban_slings;;more_tst;;;;;;;ton.montenegro;sginstababes;;walkin_closetshop;;;
;;wanderwine;;;ruangcahaya;;;;;;;;;;;abscapella;;igshop_ads_phil;;;;;;;clozetteco;shentonista;;caylacloset;;;
;;rhosecoronado;;;linennmore;;;;;;;;;;;makeup_hub_by_g;;fadznana;;;;;;;synntaclaus;welovefleamarkets;;exclusivetotsg;;;
;;cutekawaii520;;;amosmarcus;;;;;;;;;;;loveh365;;letsfloatsg;;;;;;;kiimbodia;bynorra;;nails_etcetera;;;
;;thehungrycow;;;geniemule;;;;;;;;;;;the_theme_ig;;nlfstore;;;;;;;funkytechnician;kensamudio;;synntaclaus;;;
;;blessincasia;;;http.hotblood;;;;;;;;;;;missempire;;phinqshop;;;;;;;fittysense;kiimbodia;;summerfreakproject_sg;;;
;;theconfettilife;;;_beautypleasure_;;;;;;;;;;;kichistuff;;perfectbage;;;;;;;;summerfreakproject_sg;;jeunesse_distributor;;;
;;clairejedrek;;;meameyshop;;;;;;;;;;;styliaastudio;;armanianlilparadise;;;;;;;;jeunesse_distributor;;;;;
;;nlfstore;;;automatiqhigh;;;;;;;;;;;yudithiadith;;destiarizki;;;;;;;;;;;;;
;;handicraftindia;;;theweddingscoop;;;;;;;;;;;thedesignclosets;;romandelafille;;;;;;;;;;;;;
;;shewantstheddot;;;beautyroom26;;;;;;;;;;;the.hashtaggg;;tophair20134;;;;;;;;;;;;;
;;tophair20134;;;themacaronshopsg;;;;;;;;;;;mintandpint;;cikmeow_store;;;;;;;;;;;;;
;;shop_rashi;;;shopybf;;;;;;;;;;;styliaa_studio;;sanctitymoon;;;;;;;;;;;;;
;;isuperbimbo;;;heandsheapparelofficial;;;;;;;;;;;styliaa_studio2;;dduckieshop;;;;;;;;;;;;;
;;tophair002;;;aprettyaday;;;;;;;;;;;shopmybagcouture;;tophair002;;;;;;;;;;;;;
;;middlecstore;;;carerynn;;;;;;;;;;;slickieslaces;;sakuracandyhouse;;;;;;;;;;;;;
;;hoji;;;motives_jason_bourne;;;;;;;;;;;larvitar;;ing_fashionstar;;;;;;;;;;;;;
;;lindaalv;;;w0se;;;;;;;;;;;ryanraroar;;miaolshop_;;;;;;;;;;;;;
;;qdee.com.my;;;berryginny;;;;;;;;;;;ivalice_fashionshop;;house_of_necklaces;;;;;;;;;;;;;
;;makeupmonsterscosmetics;;;fangshopbkk;;;;;;;;;;;jeunesse_distributor;;n.a.nkaktus;;;;;;;;;;;;;
;;killarijewellery;;;sweetgum_fashion;;;;;;;;;;;corigons;;marshmallow_squishies;;;;;;;;;;;;;
;;mainframe.store;;;thebeautykitstore;;;;;;;;;;;abid1407;;_ushiou_just_xs;;;;;;;;;;;;;
;;mess_shop_hk;;;dewifitriani442;;;;;;;;;;;styleunni;;qurnia_olshopyk;;;;;;;;;;;;;
;;axisfashion;;;beautebloom;;;;;;;;;;;;;nellystopshop;;;;;;;;;;;;;
;;secondarilycloset;;;singoolshop;;;;;;;;;;;;;brenjeanne;;;;;;;;;;;;;
;;fashionabbynyc;;;mirra_meww;;;;;;;;;;;;;tebisha;;;;;;;;;;;;;
;;genishihara;;;sgemceerichardstyle;;;;;;;;;;;;;qishqaireenqalesya;;;;;;;;;;;;;
;;justamaze;;;thejwsl;;;;;;;;;;;;;colouredchains;;;;;;;;;;;;;
;;tebisha;;;christensenbags;;;;;;;;;;;;;arva.co;;;;;;;;;;;;;
;;motdmotd;;;amirulbordeaux;;;;;;;;;;;;;lolita_candy;;;;;;;;;;;;;
;;missrachelrawr;;;jup_fiddy;;;;;;;;;;;;;coisse_olshop;;;;;;;;;;;;;
;;lolita_candy;;;syafiq_the_emo_dude117;;;;;;;;;;;;;geeksale;;;;;;;;;;;;;
;;redlips_classic;;;loveforshoe;;;;;;;;;;;;;voguestuffs;;;;;;;;;;;;;
;;puffydollcouture;;;shopsfashionsg;;;;;;;;;;;;;candywso;;;;;;;;;;;;;
;;ohsheeshh;;;shopzyler;;;;;;;;;;;;;ohsheeshh;;;;;;;;;;;;;
;;sharonachia;;;sgmermaid;;;;;;;;;;;;;fashrealm;;;;;;;;;;;;;
;;whitechocoz;;;desiethnicity;;;;;;;;;;;;;livelovebijoux;;;;;;;;;;;;;
;;natasha_shrotri;;;king_james__006;;;;;;;;;;;;;chrys_treasured_chest;;;;;;;;;;;;;
;;xenon.la;;;larryyeo;;;;;;;;;;;;;misspisces_hk;;;;;;;;;;;;;
;;misspisces_hk;;;amfickledminded;;;;;;;;;;;;;adelineybx;;;;;;;;;;;;;
;;thepiqueup;;;gaill18;;;;;;;;;;;;;ringislove;;;;;;;;;;;;;
;;styliaacom;;;lenny_cheng;;;;;;;;;;;;;beautyclick.house;;;;;;;;;;;;;
;;privikids;;;lynology;;;;;;;;;;;;;theluxurycat;;;;;;;;;;;;;
;;cowinhumansclothing;;;lower_price_in_town;;;;;;;;;;;;;nezzshop;;;;;;;;;;;;;
;;ringislove;;;chescademesa;;;;;;;;;;;;;hkpetersg;;;;;;;;;;;;;
;;porterinternationalsingapore;;;sheilaoink;;;;;;;;;;;;;seventees70_id2;;;;;;;;;;;;;
;;_ericavillanueva;;;gravitysnotion;;;;;;;;;;;;;seventees70_id3;;;;;;;;;;;;;
;;beautyclick.house;;;savepot_singapore;;;;;;;;;;;;;ranashaboutique;;;;;;;;;;;;;
;;jieeeyinngg;;;lovellasg;;;;;;;;;;;;;gardencityphotos;;;;;;;;;;;;;
;;designtodiesg;;;thecivilianshop;;;;;;;;;;;;;nikivizcarra;;;;;;;;;;;;;
;;shopselfstyle;;;cantikkerudung;;;;;;;;;;;;;touchmeswimwear;;;;;;;;;;;;;
;;touchmeswimwear;;;misslunabutik;;;;;;;;;;;;;syameena.store;;;;;;;;;;;;;
;;syameena.store;;;duierstyle;;;;;;;;;;;;;annq_chg;;;;;;;;;;;;;
;;6e483e899;;;keziashops;;;;;;;;;;;;;eatineraryid;;;;;;;;;;;;;
;;shopbacksg;;;borongdropship;;;;;;;;;;;;;herine_ang;;;;;;;;;;;;;
;;shopmeandmy;;;vanessatlx;;;;;;;;;;;;;roanne_rrr;;;;;;;;;;;;;
;;trixtrox;;;pagepink_ig;;;;;;;;;;;;;dearjaneoutfit;;;;;;;;;;;;;
;;ryancheng80;;;hxmsi_;;;;;;;;;;;;;glampot;;;;;;;;;;;;;
;;weliveinaflat;;;iamsyaaaq;;;;;;;;;;;;;winnnafi;;;;;;;;;;;;;
;;iluxsg;;;msbrashop;;;;;;;;;;;;;eileenongxt;;;;;;;;;;;;;
;;triciakohh;;;ms_closet20;;;;;;;;;;;;;corona_id;;;;;;;;;;;;;
;;glampot;;;houseofatlantis;;;;;;;;;;;;;fluffbakery;;;;;;;;;;;;;
;;battermaker;;;ss_vogue;;;;;;;;;;;;;dream_luxury_supplier;;;;;;;;;;;;;
;;helloplusminus;;;whatwomenwant;;;;;;;;;;;;;stevenneo25481;;;;;;;;;;;;;
;;_bettysfriend;;;lindaleenk;;;;;;;;;;;;;fourg_gadget;;;;;;;;;;;;;
;;kaevia;;;wom_sgpr;;;;;;;;;;;;;axixe;;;;;;;;;;;;;
;;nkikichua;;;winnscollection;;;;;;;;;;;;;norman_souza_tan;;;;;;;;;;;;;
;;dream_luxury_supplier;;;sunlifebakery;;;;;;;;;;;;;kingsleyking;;;;;;;;;;;;;
;;scottylai;;;sarahsuteng;;;;;;;;;;;;;karlnch;;;;;;;;;;;;;
;;lacqueredaffair;;;completethelookz;;;;;;;;;;;;;forte26;;;;;;;;;;;;;
;;jocaliabyza;;;wearareu;;;;;;;;;;;;;cheyennelazaroo;;;;;;;;;;;;;
;;unspokenlabel;;;madebytin_singapore;;;;;;;;;;;;;vanceteo;;;;;;;;;;;;;
;;trixiekhong;;;myhumblecloset;;;;;;;;;;;;;lag.nomnom;;;;;;;;;;;;;
;;karlnch;;;sr88_beautyshop;;;;;;;;;;;;;italycai;;;;;;;;;;;;;
;;gianodaliva;;;sleepygalsh;;;;;;;;;;;;;kzt_closet;;;;;;;;;;;;;
;;thesingaporewomensweekly;;;napcorner;;;;;;;;;;;;;silverkis;;;;;;;;;;;;;
;;i.m_miistore;;;promote.bergaransi;;;;;;;;;;;;;begain___;;;;;;;;;;;;;
;;metrosingapore;;;fusioncouture16;;;;;;;;;;;;;lavender_girlsbeautycare;;;;;;;;;;;;;
;;techandmusicfan;;;shahzadi_bradford;;;;;;;;;;;;;especialshop;;;;;;;;;;;;;
;;sheisadel;;;kaygracelee;;;;;;;;;;;;;blogshop_vintage;;;;;;;;;;;;;
;;silverkis;;;edmundswl;;;;;;;;;;;;;pembekalbajukpop;;;;;;;;;;;;;
;;begain___;;;ah_vier;;;;;;;;;;;;;shailaja_narayanan;;;;;;;;;;;;;
;;especialshop;;;themxventures;;;;;;;;;;;;;paperfections25;;;;;;;;;;;;;
;;sanbah_pix_motion;;;jasyounic;;;;;;;;;;;;;iqueen_sg;;;;;;;;;;;;;
;;3inute;;;kabanbag;;;;;;;;;;;;;_secondhelpings;;;;;;;;;;;;;
;;pluffcandii;;;loofie_j;;;;;;;;;;;;;pembekaldropshipsemua;;;;;;;;;;;;;
;;wowwow5online;;;okayleb;;;;;;;;;;;;;nara.hijab;;;;;;;;;;;;;
;;projectheartbreak;;;ebao_art;;;;;;;;;;;;;fulfill_room;;;;;;;;;;;;;
;;kelynnnai;;;ms_boutiquee;;;;;;;;;;;;;tenjolaya_collection;;;;;;;;;;;;;
;;blackkrsna;;;iklan_belanja2;;;;;;;;;;;;;christyfrisbee;;;;;;;;;;;;;
;;chaneeyap;;;red_ants_shop;;;;;;;;;;;;;letsshopwithkiks;;;;;;;;;;;;;
;;yantingspreesg;;;ii_cloths;;;;;;;;;;;;;enjoyablesafepleasure;;;;;;;;;;;;;
;;huntgatherstore;;;shoplunete;;;;;;;;;;;;;huntgatherstore;;;;;;;;;;;;;
;;etchandbolts;;;fabrikaithings;;;;;;;;;;;;;borongbajumurah;;;;;;;;;;;;;
;;sole.edts;;;izzahjasni;;;;;;;;;;;;;priceless_shopper;;;;;;;;;;;;;
;;tracyeinny;;;affordablenworthitcloset;;;;;;;;;;;;;luxe_jewelry_;;;;;;;;;;;;;
;;normmiicloset;;;thehouseofroberttimms;;;;;;;;;;;;;ainamoda;;;;;;;;;;;;;
;;crosslace;;;gavinchan;;;;;;;;;;;;;ddqservices;;;;;;;;;;;;;
;;bananachocolate.sg;;;hotrif;;;;;;;;;;;;;sole.edts;;;;;;;;;;;;;
;;may_6reen;;;theblessedshoppromote;;;;;;;;;;;;;normmiicloset;;;;;;;;;;;;;
;;tdtproducts;;;edenbysight.id;;;;;;;;;;;;;fashion.timeline;;;;;;;;;;;;;
;;jessilogysg;;;lush.blush27;;;;;;;;;;;;;daannyng;;;;;;;;;;;;;
;;prissypoh;;;elecomfy;;;;;;;;;;;;;crosslace;;;;;;;;;;;;;
;;littlehouseofdreams;;;bajumurahdropship;;;;;;;;;;;;;missellaswelt;;;;;;;;;;;;;
;;riskcl;;;happykfashion;;;;;;;;;;;;;may_6reen;;;;;;;;;;;;;
;;thecouturecrown;;;grosir_import;;;;;;;;;;;;;hers_style_;;;;;;;;;;;;;
;;tophair003;;;dressbajufashion;;;;;;;;;;;;;jessilogysg;;;;;;;;;;;;;
;;tophairbobo;;;more_tst;;;;;;;;;;;;;24fabulous;;;;;;;;;;;;;
;;acuppachai;;;ettetea;;;;;;;;;;;;;fotojoys;;;;;;;;;;;;;
;;colorizefashion;;;igshop_ads_phil;;;;;;;;;;;;;jocose.sg;;;;;;;;;;;;;
;;shoplabellavita;;;fadznana;;;;;;;;;;;;;baju_online;;;;;;;;;;;;;
;;mrkenjikwok;;;anytimesk8;;;;;;;;;;;;;viroon89;;;;;;;;;;;;;
;;ybeauty_4u;;;nlfstore;;;;;;;;;;;;;myfoodsirens;;;;;;;;;;;;;
;;girls_koreafashion;;;phinqshop;;;;;;;;;;;;;soul_of_fashion88;;;;;;;;;;;;;
;;summersnclouds;;;_jacquie;;;;;;;;;;;;;ponybonny88;;;;;;;;;;;;;
;;jpinsider;;;armanianlilparadise;;;;;;;;;;;;;youklubkid;;;;;;;;;;;;;
;;yasminnecheng;;;handicraftindia;;;;;;;;;;;;;nickykow;;;;;;;;;;;;;
;;balloonfoil;;;destiarizki;;;;;;;;;;;;;thecouturecrown;;;;;;;;;;;;;
;;omgoing;;;_bigcitygirl;;;;;;;;;;;;;tophair003;;;;;;;;;;;;;
;;theodore.roan;;;shewantstheddot;;;;;;;;;;;;;tophairbobo;;;;;;;;;;;;;
;;sneakerpage.cc;;;tophair20134;;;;;;;;;;;;;begmurahdropship;;;;;;;;;;;;;
;;theclutterbugshop;;;shop_rashi;;;;;;;;;;;;;thewatchlocker;;;;;;;;;;;;;
;;tophairwawa;;;igeighteenshopp;;;;;;;;;;;;;anteledaisy;;;;;;;;;;;;;
;;serafina.living;;;blackbox_hk;;;;;;;;;;;;;necklacebychristine;;;;;;;;;;;;;
;;urban_slings;;;anthony0121;;;;;;;;;;;;;fatfloatsg;;;;;;;;;;;;;
;;samanthajaime_;;;shopventurelove;;;;;;;;;;;;;autofashion_usa;;;;;;;;;;;;;
;;foodvlogger;;;anniechuasg;;;;;;;;;;;;;blues_sby_all_shopp;;;;;;;;;;;;;
;;nailsbykarise;;;sanctitymoon;;;;;;;;;;;;;shopkeeperstories;;;;;;;;;;;;;
;;rush.by.snazzy.kenta;;;isuperbimbo;;;;;;;;;;;;;girls_koreafashion;;;;;;;;;;;;;
;;styliaastudio;;;seeitbagit_shop;;;;;;;;;;;;;ultdclothing;;;;;;;;;;;;;
;;tophairhk;;;tophair002;;;;;;;;;;;;;jpinsider;;;;;;;;;;;;;
;;the.hashtaggg;;;hoji;;;;;;;;;;;;;omgoing;;;;;;;;;;;;;
;;mainxhell.store;;;girls_sh;;;;;;;;;;;;;bloomsburybakers;;;;;;;;;;;;;
;;mintandpint;;;sakuracandyhouse;;;;;;;;;;;;;felshoes;;;;;;;;;;;;;
;;veslianavm;;;ing_fashionstar;;;;;;;;;;;;;wanti_closet;;;;;;;;;;;;;
;;styliaa_studio2;;;blending.basic;;;;;;;;;;;;;jer_chiang;;;;;;;;;;;;;
;;b2kpet;;;qdee.com.my;;;;;;;;;;;;;sweetcartelsg;;;;;;;;;;;;;
;;smileyclothing;;;miaolshop_;;;;;;;;;;;;;tophairwawa;;;;;;;;;;;;;
;;bernarosaofficial;;;mixcultureshop;;;;;;;;;;;;;serafina.living;;;;;;;;;;;;;
;;chantelleziyi;;;syreshop_id;;;;;;;;;;;;;dropshipsemua;;;;;;;;;;;;;
;;homestolife;;;mainframe.store;;;;;;;;;;;;;godlikejersey;;;;;;;;;;;;;
;;derongng;;;weijie88;;;;;;;;;;;;;thecarousell;;;;;;;;;;;;;
;;lyzcosmetics;;;ememwardrobe;;;;;;;;;;;;;begmurahsangat2;;;;;;;;;;;;;
;;praise_store;;;supershadessg;;;;;;;;;;;;;makeup_hub_by_g;;;;;;;;;;;;;
;;shopmybagcouture;;;ladies_gentleman_shop;;;;;;;;;;;;;serenewongms;;;;;;;;;;;;;
;;pinkaisle;;;mess_shop_hk;;;;;;;;;;;;;shopwithevelyn;;;;;;;;;;;;;
;;utsukushishoppu_;;;daprayer;;;;;;;;;;;;;ddm_stationhk;;;;;;;;;;;;;
;;silverskypets;;;marshmallow_squishies;;;;;;;;;;;;;lemarikaca;;;;;;;;;;;;;
;;the_eyetem;;;_ushiou_just_xs;;;;;;;;;;;;;royalsuiteolshop;;;;;;;;;;;;;
;;charlene22;;;thedreamersg;;;;;;;;;;;;;thegalerie;;;;;;;;;;;;;
;;h_eiress;;;qurnia_olshopyk;;;;;;;;;;;;;kichistuff;;;;;;;;;;;;;
;;db_shopp;;;thefishshnack;;;;;;;;;;;;;yudithiadith;;;;;;;;;;;;;
;;hazelleo;;;nellystopshop;;;;;;;;;;;;;tophairhk;;;;;;;;;;;;;
;;larvitar;;;dressandtog;;;;;;;;;;;;;cutieshoesstore;;;;;;;;;;;;;
;;shentonista;;;alexandra_fashion_supliermurah;;;;;;;;;;;;;chimenzpost;;;;;;;;;;;;;
;;ryanraroar;;;tecmask;;;;;;;;;;;;;theneyen;;;;;;;;;;;;;
;;caylacloset;;;qishqaireenqalesya;;;;;;;;;;;;;beatricefontanastudio;;;;;;;;;;;;;
;;lookbook;;;skimshop;;;;;;;;;;;;;b2kpet;;;;;;;;;;;;;
;;rockinc_id;;;larryrobertson;;;;;;;;;;;;;smileyclothing;;;;;;;;;;;;;
;;atouchofbee;;;peachpandaxlens;;;;;;;;;;;;;esquirephotography;;;;;;;;;;;;;
;;ton.montenegro;;;colouredchains;;;;;;;;;;;;;presscottonig;;;;;;;;;;;;;
;;fashionkawaii.asiancute;;;kalysazizyeo;;;;;;;;;;;;;sellthestuffgirlshop;;;;;;;;;;;;;
;;welovefleamarkets;;;motdmotd;;;;;;;;;;;;;edelweiss.store;;;;;;;;;;;;;
;;aashniandco;;;rachinfashion;;;;;;;;;;;;;shopmybagcouture;;;;;;;;;;;;;
;;korean.closet;;;arva.co;;;;;;;;;;;;;keropokman;;;;;;;;;;;;;
;;jessicaval;;;lolita_candy;;;;;;;;;;;;;harleen_monstar;;;;;;;;;;;;;
;;jazpster;;;coisse_olshop;;;;;;;;;;;;;_sweet12_;;;;;;;;;;;;;
;;dessydesmond;;;pinka.cho;;;;;;;;;;;;;apaajaada15;;;;;;;;;;;;;
;;eddy2099sg;;;veryeng;;;;;;;;;;;;;slickieslaces;;;;;;;;;;;;;
;;sungra_;;;boardroomofficial;;;;;;;;;;;;;silverskypets;;;;;;;;;;;;;
;;summerfreakproject_sg;;;voguestuffs;;;;;;;;;;;;;mycutiehouse;;;;;;;;;;;;;
;;corigons;;;ab_fashionmadness;;;;;;;;;;;;;j_yaying;;;;;;;;;;;;;
;;mmbfruit;;;holly__fashion;;;;;;;;;;;;;_winnie.h_;;;;;;;;;;;;;
;;styleunni;;;candywso;;;;;;;;;;;;;db_shopp;;;;;;;;;;;;;
;;;;;ohsheeshh;;;;;;;;;;;;;d2you88;;;;;;;;;;;;;
;;;;;styleyourpets;;;;;;;;;;;;;seventees70_luxee;;;;;;;;;;;;;
;;;;;_azmi.j;;;;;;;;;;;;;larvitar;;;;;;;;;;;;;
;;;;;sharonachia;;;;;;;;;;;;;shentonista;;;;;;;;;;;;;
;;;;;reginaunity;;;;;;;;;;;;;mr.boo89;;;;;;;;;;;;;
;;;;;cheryllbaby;;;;;;;;;;;;;ryanraroar;;;;;;;;;;;;;
;;;;;natasha_shrotri;;;;;;;;;;;;;walkin_closetshop;;;;;;;;;;;;;
;;;;;xenon.la;;;;;;;;;;;;;basicmodels;;;;;;;;;;;;;
;;;;;sharudinrahmatabbas;;;;;;;;;;;;;korean.closet;;;;;;;;;;;;;
;;;;;_gowrii;;;;;;;;;;;;;ivalice_fashionshop;;;;;;;;;;;;;
;;;;;misspisces_hk;;;;;;;;;;;;;synntaclaus;;;;;;;;;;;;;
;;;;;e_vitalicious;;;;;;;;;;;;;ikasilviana_oriflame;;;;;;;;;;;;;
;;;;;adelineybx;;;;;;;;;;;;;vheeca;;;;;;;;;;;;;
;;;;;denyckoh;;;;;;;;;;;;;summerfreakproject_sg;;;;;;;;;;;;;
;;;;;thepiqueup;;;;;;;;;;;;;saksthomas;;;;;;;;;;;;;
;;;;;patfancygirl;;;;;;;;;;;;;timeofperfection;;;;;;;;;;;;;
;;;;;styliaacom;;;;;;;;;;;;;jessicahanita95;;;;;;;;;;;;;
;;;;;littlekittygal;;;;;;;;;;;;;;;;;;;;;;;;;;
;;;;;privikids;;;;;;;;;;;;;;;;;;;;;;;;;;
;;;;;ringislove;;;;;;;;;;;;;;;;;;;;;;;;;;
;;;;;oaoshop;;;;;;;;;;;;;;;;;;;;;;;;;;
;;;;;claudebernardsg;;;;;;;;;;;;;;;;;;;;;;;;;;
;;;;;boywithhaemoglobin;;;;;;;;;;;;;;;;;;;;;;;;;;
;;;;;celemaiinaltetocuri;;;;;;;;;;;;;;;;;;;;;;;;;;
;;;;;jesscottage;;;;;;;;;;;;;;;;;;;;;;;;;;
;;;;;glamor_shop_beauty;;;;;;;;;;;;;;;;;;;;;;;;;;
;;;;;andiniria;;;;;;;;;;;;;;;;;;;;;;;;;;
;;;;;bugisstreetdesserts;;;;;;;;;;;;;;;;;;;;;;;;;;
;;;;;wheretoshopsg;;;;;;;;;;;;;;;;;;;;;;;;;;
;;;;;beautyclick.house;;;;;;;;;;;;;;;;;;;;;;;;;;
;;;;;sheshayx;;;;;;;;;;;;;;;;;;;;;;;;;;
;;;;;nezzshop;;;;;;;;;;;;;;;;;;;;;;;;;;
;;;;;pastichetouch;;;;;;;;;;;;;;;;;;;;;;;;;;
;;;;;jieeeyinngg;;;;;;;;;;;;;;;;;;;;;;;;;;
;;;;;modelkimkibum;;;;;;;;;;;;;;;;;;;;;;;;;;
;;;;;kristinescollection;;;;;;;;;;;;;;;;;;;;;;;;;;
;;;;;designtodiesg;;;;;;;;;;;;;;;;;;;;;;;;;;
;;;;;shopselfstyle;;;;;;;;;;;;;;;;;;;;;;;;;;
;;;;;seventees70_id2;;;;;;;;;;;;;;;;;;;;;;;;;;
;;;;;seventees70_id3;;;;;;;;;;;;;;;;;;;;;;;;;;
;;;;;ranashaboutique;;;;;;;;;;;;;;;;;;;;;;;;;;
;;;;;gardencityphotos;;;;;;;;;;;;;;;;;;;;;;;;;;
;;;;;nikivizcarra;;;;;;;;;;;;;;;;;;;;;;;;;;
;;;;;zee.eez_boutique;;;;;;;;;;;;;;;;;;;;;;;;;;
;;;;;indianchao;;;;;;;;;;;;;;;;;;;;;;;;;;
;;;;;iamtiantiantian;;;;;;;;;;;;;;;;;;;;;;;;;;
;;;;;amandachic_official;;;;;;;;;;;;;;;;;;;;;;;;;;
;;;;;touchmeswimwear;;;;;;;;;;;;;;;;;;;;;;;;;;
;;;;;syameena.store;;;;;;;;;;;;;;;;;;;;;;;;;;
;;;;;sbnbn;;;;;;;;;;;;;;;;;;;;;;;;;;
;;;;;thechicbarbie;;;;;;;;;;;;;;;;;;;;;;;;;;
;;;;;fittingroom11_;;;;;;;;;;;;;;;;;;;;;;;;;;
;;;;;annq_chg;;;;;;;;;;;;;;;;;;;;;;;;;;
;;;;;epperlycloset;;;;;;;;;;;;;;;;;;;;;;;;;;
;;;;;shopbacksg;;;;;;;;;;;;;;;;;;;;;;;;;;
;;;;;shopmeandmy;;;;;;;;;;;;;;;;;;;;;;;;;;
;;;;;berlinstorm_;;;;;;;;;;;;;;;;;;;;;;;;;;
;;;;;trixtrox;;;;;;;;;;;;;;;;;;;;;;;;;;
;;;;;ahhhmui;;;;;;;;;;;;;;;;;;;;;;;;;;
;;;;;cherraexoxo;;;;;;;;;;;;;;;;;;;;;;;;;;
;;;;;msoinkee;;;;;;;;;;;;;;;;;;;;;;;;;;
;;;;;saffire11;;;;;;;;;;;;;;;;;;;;;;;;;;
;;;;;roanne_rrr;;;;;;;;;;;;;;;;;;;;;;;;;;
;;;;;weliveinaflat;;;;;;;;;;;;;;;;;;;;;;;;;;
;;;;;iluxsg;;;;;;;;;;;;;;;;;;;;;;;;;;
;;;;;_yafiqyusman_;;;;;;;;;;;;;;;;;;;;;;;;;;
;;;;;scrappinlove;;;;;;;;;;;;;;;;;;;;;;;;;;
;;;;;matcha5official;;;;;;;;;;;;;;;;;;;;;;;;;;
;;;;;triciakohh;;;;;;;;;;;;;;;;;;;;;;;;;;
;;;;;dearjaneoutfit;;;;;;;;;;;;;;;;;;;;;;;;;;
;;;;;glampot;;;;;;;;;;;;;;;;;;;;;;;;;;
;;;;;tfadil;;;;;;;;;;;;;;;;;;;;;;;;;;
;;;;;battermaker;;;;;;;;;;;;;;;;;;;;;;;;;;
;;;;;sofrockinggood;;;;;;;;;;;;;;;;;;;;;;;;;;
;;;;;eatoutsg;;;;;;;;;;;;;;;;;;;;;;;;;;
;;;;;winnnafi;;;;;;;;;;;;;;;;;;;;;;;;;;
;;;;;eileenongxt;;;;;;;;;;;;;;;;;;;;;;;;;;
;;;;;shopbrittanybow;;;;;;;;;;;;;;;;;;;;;;;;;;
;;;;;corona_id;;;;;;;;;;;;;;;;;;;;;;;;;;
;;;;;_bettysfriend;;;;;;;;;;;;;;;;;;;;;;;;;;
;;;;;b_chic_carfresh;;;;;;;;;;;;;;;;;;;;;;;;;;
;;;;;klioschni;;;;;;;;;;;;;;;;;;;;;;;;;;
;;;;;yellowteacups;;;;;;;;;;;;;;;;;;;;;;;;;;
;;;;;eclatbyalisonyuen;;;;;;;;;;;;;;;;;;;;;;;;;;
;;;;;stevenneo25481;;;;;;;;;;;;;;;;;;;;;;;;;;
;;;;;fizzy_13;;;;;;;;;;;;;;;;;;;;;;;;;;
;;;;;fourg_gadget;;;;;;;;;;;;;;;;;;;;;;;;;;
;;;;;_xgrace;;;;;;;;;;;;;;;;;;;;;;;;;;
;;;;;_ongly_;;;;;;;;;;;;;;;;;;;;;;;;;;
;;;;;simply_antiquity;;;;;;;;;;;;;;;;;;;;;;;;;;
;;;;;dancexpression;;;;;;;;;;;;;;;;;;;;;;;;;;
;;;;;sistarbutik;;;;;;;;;;;;;;;;;;;;;;;;;;
;;;;;lacqueredaffair;;;;;;;;;;;;;;;;;;;;;;;;;;
;;;;;jocaliabyza;;;;;;;;;;;;;;;;;;;;;;;;;;
;;;;;angemay;;;;;;;;;;;;;;;;;;;;;;;;;;
;;;;;unspokenlabel;;;;;;;;;;;;;;;;;;;;;;;;;;
;;;;;bamboobicycleclub;;;;;;;;;;;;;;;;;;;;;;;;;;
;;;;;shaffyxx;;;;;;;;;;;;;;;;;;;;;;;;;;
;;;;;kayarocks;;;;;;;;;;;;;;;;;;;;;;;;;;
;;;;;ellelyfashion;;;;;;;;;;;;;;;;;;;;;;;;;;
;;;;;sunmoonrain;;;;;;;;;;;;;;;;;;;;;;;;;;
;;;;;trixiekhong;;;;;;;;;;;;;;;;;;;;;;;;;;
;;;;;thepanicroom_sg;;;;;;;;;;;;;;;;;;;;;;;;;;
;;;;;barbie_rooms;;;;;;;;;;;;;;;;;;;;;;;;;;
;;;;;karlnch;;;;;;;;;;;;;;;;;;;;;;;;;;
;;;;;nad8gad;;;;;;;;;;;;;;;;;;;;;;;;;;
;;;;;ida_mrs_isa;;;;;;;;;;;;;;;;;;;;;;;;;;
;;;;;gianodaliva;;;;;;;;;;;;;;;;;;;;;;;;;;
;;;;;spunktitud3;;;;;;;;;;;;;;;;;;;;;;;;;;
;;;;;thesingaporewomensweekly;;;;;;;;;;;;;;;;;;;;;;;;;;
;;;;;shiro_shop;;;;;;;;;;;;;;;;;;;;;;;;;;
;;;;;branded_handbags_kualalumpur;;;;;;;;;;;;;;;;;;;;;;;;;;
;;;;;chainlessbrain;;;;;;;;;;;;;;;;;;;;;;;;;;
;;;;;lapetitemode1;;;;;;;;;;;;;;;;;;;;;;;;;;
;;;;;joyful.fashion;;;;;;;;;;;;;;;;;;;;;;;;;;
;;;;;i.m_miistore;;;;;;;;;;;;;;;;;;;;;;;;;;
;;;;;chasingthedistance;;;;;;;;;;;;;;;;;;;;;;;;;;
;;;;;dearcharme;;;;;;;;;;;;;;;;;;;;;;;;;;
;;;;;forte26;;;;;;;;;;;;;;;;;;;;;;;;;;
;;;;;cheyennelazaroo;;;;;;;;;;;;;;;;;;;;;;;;;;
;;;;;metrosingapore;;;;;;;;;;;;;;;;;;;;;;;;;;
;;;;;amber_fashions;;;;;;;;;;;;;;;;;;;;;;;;;;
;;;;;cafegramsg;;;;;;;;;;;;;;;;;;;;;;;;;;
;;;;;yhettclaus;;;;;;;;;;;;;;;;;;;;;;;;;;
;;;;;kzt_closet;;;;;;;;;;;;;;;;;;;;;;;;;;
;;;;;silverkis;;;;;;;;;;;;;;;;;;;;;;;;;;
;;;;;begain___;;;;;;;;;;;;;;;;;;;;;;;;;;
;;;;;lavender_girlsbeautycare;;;;;;;;;;;;;;;;;;;;;;;;;;
;;;;;kanemochi_onlineshop;;;;;;;;;;;;;;;;;;;;;;;;;;
;;;;;tessatham;;;;;;;;;;;;;;;;;;;;;;;;;;
;;;;;deborah_yeo;;;;;;;;;;;;;;;;;;;;;;;;;;
;;;;;especialshop;;;;;;;;;;;;;;;;;;;;;;;;;;
;;;;;blogshop_vintage;;;;;;;;;;;;;;;;;;;;;;;;;;
;;;;;pembekalbajukpop;;;;;;;;;;;;;;;;;;;;;;;;;;
;;;;;shailaja_narayanan;;;;;;;;;;;;;;;;;;;;;;;;;;
;;;;;iqueen_sg;;;;;;;;;;;;;;;;;;;;;;;;;;
;;;;;haute.culture;;;;;;;;;;;;;;;;;;;;;;;;;;
;;;;;minmin_tabemon;;;;;;;;;;;;;;;;;;;;;;;;;;
;;;;;3inute;;;;;;;;;;;;;;;;;;;;;;;;;;
;;;;;_secondhelpings;;;;;;;;;;;;;;;;;;;;;;;;;;
;;;;;pluffcandii;;;;;;;;;;;;;;;;;;;;;;;;;;
;;;;;pembekaldropshipsemua;;;;;;;;;;;;;;;;;;;;;;;;;;
;;;;;nara.hijab;;;;;;;;;;;;;;;;;;;;;;;;;;
;;;;;projectheartbreak;;;;;;;;;;;;;;;;;;;;;;;;;;
;;;;;tenjolaya_collection;;;;;;;;;;;;;;;;;;;;;;;;;;
;;;;;chaneeyap;;;;;;;;;;;;;;;;;;;;;;;;;;
;;;;;letsshopwithkiks;;;;;;;;;;;;;;;;;;;;;;;;;;
;;;;;yantingspreesg;;;;;;;;;;;;;;;;;;;;;;;;;;
;;;;;enjoyablesafepleasure;;;;;;;;;;;;;;;;;;;;;;;;;;
;;;;;huntgatherstore;;;;;;;;;;;;;;;;;;;;;;;;;;
;;;;;borongbajumurah;;;;;;;;;;;;;;;;;;;;;;;;;;
;;;;;priceless_shopper;;;;;;;;;;;;;;;;;;;;;;;;;;
;;;;;luxe_jewelry_;;;;;;;;;;;;;;;;;;;;;;;;;;
;;;;;etchandbolts;;;;;;;;;;;;;;;;;;;;;;;;;;
;;;;;hk__foodie;;;;;;;;;;;;;;;;;;;;;;;;;;
;;;;;ddqservices;;;;;;;;;;;;;;;;;;;;;;;;;;
;;;;;sole.edts;;;;;;;;;;;;;;;;;;;;;;;;;;
;;;;;crossinglimits;;;;;;;;;;;;;;;;;;;;;;;;;;
;;;;;piagetgirl;;;;;;;;;;;;;;;;;;;;;;;;;;
;;;;;tracyeinny;;;;;;;;;;;;;;;;;;;;;;;;;;
;;;;;thegroomingsociety;;;;;;;;;;;;;;;;;;;;;;;;;;
;;;;;normmiicloset;;;;;;;;;;;;;;;;;;;;;;;;;;
;;;;;hkfoodstagram;;;;;;;;;;;;;;;;;;;;;;;;;;
;;;;;zilinbeingzinc;;;;;;;;;;;;;;;;;;;;;;;;;;
;;;;;crosslace;;;;;;;;;;;;;;;;;;;;;;;;;;
;;;;;missellaswelt;;;;;;;;;;;;;;;;;;;;;;;;;;
;;;;;mijipxl;;;;;;;;;;;;;;;;;;;;;;;;;;
;;;;;littlenailscastle;;;;;;;;;;;;;;;;;;;;;;;;;;
;;;;;clemschowder;;;;;;;;;;;;;;;;;;;;;;;;;;
;;;;;bananachocolate.sg;;;;;;;;;;;;;;;;;;;;;;;;;;
;;;;;may_6reen;;;;;;;;;;;;;;;;;;;;;;;;;;
;;;;;josabelle_closet;;;;;;;;;;;;;;;;;;;;;;;;;;
;;;;;houseofsheens;;;;;;;;;;;;;;;;;;;;;;;;;;
;;;;;hers_style_;;;;;;;;;;;;;;;;;;;;;;;;;;
;;;;;clothingray;;;;;;;;;;;;;;;;;;;;;;;;;;
;;;;;duffytheblackbeauty;;;;;;;;;;;;;;;;;;;;;;;;;;
;;;;;clecollections;;;;;;;;;;;;;;;;;;;;;;;;;;
;;;;;jessilogysg;;;;;;;;;;;;;;;;;;;;;;;;;;
;;;;;raekhor;;;;;;;;;;;;;;;;;;;;;;;;;;
;;;;;24fabulous;;;;;;;;;;;;;;;;;;;;;;;;;;
;;;;;fotojoys;;;;;;;;;;;;;;;;;;;;;;;;;;
;;;;;jocose.sg;;;;;;;;;;;;;;;;;;;;;;;;;;
;;;;;_.kfashion._;;;;;;;;;;;;;;;;;;;;;;;;;;
;;;;;baju_online;;;;;;;;;;;;;;;;;;;;;;;;;;
;;;;;viroon89;;;;;;;;;;;;;;;;;;;;;;;;;;
;;;;;myfoodsirens;;;;;;;;;;;;;;;;;;;;;;;;;;
;;;;;storystatement;;;;;;;;;;;;;;;;;;;;;;;;;;
;;;;;handbaghive;;;;;;;;;;;;;;;;;;;;;;;;;;
;;;;;soul_of_fashion88;;;;;;;;;;;;;;;;;;;;;;;;;;
;;;;;ponybonny88;;;;;;;;;;;;;;;;;;;;;;;;;;
;;;;;bellaella777;;;;;;;;;;;;;;;;;;;;;;;;;;
;;;;;insidesbeautysg;;;;;;;;;;;;;;;;;;;;;;;;;;
;;;;;youklubkid;;;;;;;;;;;;;;;;;;;;;;;;;;
;;;;;nickykow;;;;;;;;;;;;;;;;;;;;;;;;;;
;;;;;hweeleeeee;;;;;;;;;;;;;;;;;;;;;;;;;;
;;;;;thecouturecrown;;;;;;;;;;;;;;;;;;;;;;;;;;
;;;;;tophair003;;;;;;;;;;;;;;;;;;;;;;;;;;
;;;;;tophairbobo;;;;;;;;;;;;;;;;;;;;;;;;;;
;;;;;begmurahdropship;;;;;;;;;;;;;;;;;;;;;;;;;;
;;;;;djotielawas;;;;;;;;;;;;;;;;;;;;;;;;;;
;;;;;yesstyle;;;;;;;;;;;;;;;;;;;;;;;;;;
;;;;;thewatchlocker;;;;;;;;;;;;;;;;;;;;;;;;;;
;;;;;ahzeezul;;;;;;;;;;;;;;;;;;;;;;;;;;
;;;;;nattiong;;;;;;;;;;;;;;;;;;;;;;;;;;
;;;;;promoteshophandmade;;;;;;;;;;;;;;;;;;;;;;;;;;
;;;;;jaimechan2;;;;;;;;;;;;;;;;;;;;;;;;;;
;;;;;fatfloatsg;;;;;;;;;;;;;;;;;;;;;;;;;;
;;;;;woodberryshop;;;;;;;;;;;;;;;;;;;;;;;;;;
;;;;;koreanfashion_xo;;;;;;;;;;;;;;;;;;;;;;;;;;
;;;;;shoplabellavita;;;;;;;;;;;;;;;;;;;;;;;;;;
;;;;;wanjunong;;;;;;;;;;;;;;;;;;;;;;;;;;
;;;;;clarispang;;;;;;;;;;;;;;;;;;;;;;;;;;
;;;;;autofashion_usa;;;;;;;;;;;;;;;;;;;;;;;;;;
;;;;;faintedfloral;;;;;;;;;;;;;;;;;;;;;;;;;;
;;;;;valentina_singapore;;;;;;;;;;;;;;;;;;;;;;;;;;
;;;;;dearlianne;;;;;;;;;;;;;;;;;;;;;;;;;;
;;;;;ybeauty_4u;;;;;;;;;;;;;;;;;;;;;;;;;;
;;;;;bajurenangonline;;;;;;;;;;;;;;;;;;;;;;;;;;
;;;;;blues_sby_all_shopp;;;;;;;;;;;;;;;;;;;;;;;;;;
;;;;;shopkeeperstories;;;;;;;;;;;;;;;;;;;;;;;;;;
;;;;;girls_koreafashion;;;;;;;;;;;;;;;;;;;;;;;;;;
;;;;;summersnclouds;;;;;;;;;;;;;;;;;;;;;;;;;;
;;;;;jpinsider;;;;;;;;;;;;;;;;;;;;;;;;;;
;;;;;dailylookme;;;;;;;;;;;;;;;;;;;;;;;;;;
;;;;;cultavenue;;;;;;;;;;;;;;;;;;;;;;;;;;
;;;;;romanshinta;;;;;;;;;;;;;;;;;;;;;;;;;;
;;;;;balloonfoil;;;;;;;;;;;;;;;;;;;;;;;;;;
;;;;;nadiamaya;;;;;;;;;;;;;;;;;;;;;;;;;;
;;;;;giokalaw;;;;;;;;;;;;;;;;;;;;;;;;;;
;;;;;felshoes;;;;;;;;;;;;;;;;;;;;;;;;;;
;;;;;iamfoodaddict;;;;;;;;;;;;;;;;;;;;;;;;;;
;;;;;shopsecretclovers;;;;;;;;;;;;;;;;;;;;;;;;;;
;;;;;wanti_closet;;;;;;;;;;;;;;;;;;;;;;;;;;
;;;;;sneakerpage.cc;;;;;;;;;;;;;;;;;;;;;;;;;;
;;;;;theclutterbugshop;;;;;;;;;;;;;;;;;;;;;;;;;;
;;;;;lipstickpassportpearls;;;;;;;;;;;;;;;;;;;;;;;;;;
;;;;;maxinetwigg;;;;;;;;;;;;;;;;;;;;;;;;;;
;;;;;styles_republic;;;;;;;;;;;;;;;;;;;;;;;;;;
;;;;;meilinhyde;;;;;;;;;;;;;;;;;;;;;;;;;;
;;;;;charzzy;;;;;;;;;;;;;;;;;;;;;;;;;;
;;;;;sweetcartelsg;;;;;;;;;;;;;;;;;;;;;;;;;;
;;;;;spaceinvayda;;;;;;;;;;;;;;;;;;;;;;;;;;
;;;;;tophairwawa;;;;;;;;;;;;;;;;;;;;;;;;;;
;;;;;serafina.living;;;;;;;;;;;;;;;;;;;;;;;;;;
;;;;;vivienneeluv;;;;;;;;;;;;;;;;;;;;;;;;;;
;;;;;a_two_gallery;;;;;;;;;;;;;;;;;;;;;;;;;;
;;;;;dropshipsemua;;;;;;;;;;;;;;;;;;;;;;;;;;
;;;;;godlikejersey;;;;;;;;;;;;;;;;;;;;;;;;;;
;;;;;urban_slings;;;;;;;;;;;;;;;;;;;;;;;;;;
;;;;;nanadalinaj;;;;;;;;;;;;;;;;;;;;;;;;;;
;;;;;ericchenrr;;;;;;;;;;;;;;;;;;;;;;;;;;
;;;;;ardyan_alfarezy;;;;;;;;;;;;;;;;;;;;;;;;;;
;;;;;abscapella;;;;;;;;;;;;;;;;;;;;;;;;;;
;;;;;xjingwen;;;;;;;;;;;;;;;;;;;;;;;;;;
;;;;;begmurahsangat2;;;;;;;;;;;;;;;;;;;;;;;;;;
;;;;;laypeng_pek;;;;;;;;;;;;;;;;;;;;;;;;;;
;;;;;kayanahouse;;;;;;;;;;;;;;;;;;;;;;;;;;
;;;;;lem0n;;;;;;;;;;;;;;;;;;;;;;;;;;
;;;;;makeup_hub_by_g;;;;;;;;;;;;;;;;;;;;;;;;;;
;;;;;sandrajao;;;;;;;;;;;;;;;;;;;;;;;;;;
;;;;;reneelodens;;;;;;;;;;;;;;;;;;;;;;;;;;
;;;;;serenewongms;;;;;;;;;;;;;;;;;;;;;;;;;;
;;;;;furtographysg;;;;;;;;;;;;;;;;;;;;;;;;;;
;;;;;shopwithevelyn;;;;;;;;;;;;;;;;;;;;;;;;;;
;;;;;bringjoyceebellbacktolife;;;;;;;;;;;;;;;;;;;;;;;;;;
;;;;;shopmyflairlady;;;;;;;;;;;;;;;;;;;;;;;;;;
;;;;;flizconcept;;;;;;;;;;;;;;;;;;;;;;;;;;
;;;;;spottly;;;;;;;;;;;;;;;;;;;;;;;;;;
;;;;;ddm_stationhk;;;;;;;;;;;;;;;;;;;;;;;;;;
;;;;;de.sweet.de;;;;;;;;;;;;;;;;;;;;;;;;;;
;;;;;lemarikaca;;;;;;;;;;;;;;;;;;;;;;;;;;
;;;;;beautyinjection__;;;;;;;;;;;;;;;;;;;;;;;;;;
;;;;;royalsuiteolshop;;;;;;;;;;;;;;;;;;;;;;;;;;
;;;;;estherwindsorjewellery;;;;;;;;;;;;;;;;;;;;;;;;;;
;;;;;clang25;;;;;;;;;;;;;;;;;;;;;;;;;;
;;;;;thegalerie;;;;;;;;;;;;;;;;;;;;;;;;;;
;;;;;rush.by.snazzy.kenta;;;;;;;;;;;;;;;;;;;;;;;;;;
;;;;;missempire;;;;;;;;;;;;;;;;;;;;;;;;;;
;;;;;mumulsession;;;;;;;;;;;;;;;;;;;;;;;;;;
;;;;;kichistuff;;;;;;;;;;;;;;;;;;;;;;;;;;
;;;;;styliaastudio;;;;;;;;;;;;;;;;;;;;;;;;;;
;;;;;tophairhk;;;;;;;;;;;;;;;;;;;;;;;;;;
;;;;;johorkaki;;;;;;;;;;;;;;;;;;;;;;;;;;
;;;;;daffie89;;;;;;;;;;;;;;;;;;;;;;;;;;
;;;;;bellewhite_shop;;;;;;;;;;;;;;;;;;;;;;;;;;
;;;;;taxiwayecho;;;;;;;;;;;;;;;;;;;;;;;;;;
;;;;;cutieshoesstore;;;;;;;;;;;;;;;;;;;;;;;;;;
;;;;;the.hashtaggg;;;;;;;;;;;;;;;;;;;;;;;;;;
;;;;;mainxhell.store;;;;;;;;;;;;;;;;;;;;;;;;;;
;;;;;thecalligraphymarket;;;;;;;;;;;;;;;;;;;;;;;;;;
;;;;;eatdreamlove;;;;;;;;;;;;;;;;;;;;;;;;;;
;;;;;styliaa_studio;;;;;;;;;;;;;;;;;;;;;;;;;;
;;;;;kontentshot;;;;;;;;;;;;;;;;;;;;;;;;;;
;;;;;franksland;;;;;;;;;;;;;;;;;;;;;;;;;;
;;;;;styliaa_studio2;;;;;;;;;;;;;;;;;;;;;;;;;;
;;;;;frannywanny;;;;;;;;;;;;;;;;;;;;;;;;;;
;;;;;theneyen;;;;;;;;;;;;;;;;;;;;;;;;;;
;;;;;smileyclothing;;;;;;;;;;;;;;;;;;;;;;;;;;
;;;;;syahm5;;;;;;;;;;;;;;;;;;;;;;;;;;
;;;;;saunda_ya_xuan;;;;;;;;;;;;;;;;;;;;;;;;;;
;;;;;presscottonig;;;;;;;;;;;;;;;;;;;;;;;;;;
;;;;;kevin_the_hiak;;;;;;;;;;;;;;;;;;;;;;;;;;
;;;;;paotothelo;;;;;;;;;;;;;;;;;;;;;;;;;;
;;;;;sellthestuffgirlshop;;;;;;;;;;;;;;;;;;;;;;;;;;
;;;;;edelweiss.store;;;;;;;;;;;;;;;;;;;;;;;;;;
;;;;;hongkong.child;;;;;;;;;;;;;;;;;;;;;;;;;;
;;;;;sallehadam;;;;;;;;;;;;;;;;;;;;;;;;;;
;;;;;homestolife;;;;;;;;;;;;;;;;;;;;;;;;;;
;;;;;derongng;;;;;;;;;;;;;;;;;;;;;;;;;;
;;;;;bakersofsgp;;;;;;;;;;;;;;;;;;;;;;;;;;
;;;;;lyzcosmetics;;;;;;;;;;;;;;;;;;;;;;;;;;
;;;;;belibeliyuk_os;;;;;;;;;;;;;;;;;;;;;;;;;;
;;;;;peek_a_boo_collections;;;;;;;;;;;;;;;;;;;;;;;;;;
;;;;;adix82;;;;;;;;;;;;;;;;;;;;;;;;;;
;;;;;velvetsroom;;;;;;;;;;;;;;;;;;;;;;;;;;
;;;;;jolztx;;;;;;;;;;;;;;;;;;;;;;;;;;
;;;;;jennlsf;;;;;;;;;;;;;;;;;;;;;;;;;;
;;;;;hellohlove;;;;;;;;;;;;;;;;;;;;;;;;;;
;;;;;shopmybagcouture;;;;;;;;;;;;;;;;;;;;;;;;;;
;;;;;sgfoodonfoot;;;;;;;;;;;;;;;;;;;;;;;;;;
;;;;;snowyxrabbit;;;;;;;;;;;;;;;;;;;;;;;;;;
;;;;;diligent_print;;;;;;;;;;;;;;;;;;;;;;;;;;
;;;;;kickback_sg;;;;;;;;;;;;;;;;;;;;;;;;;;
;;;;;harleen_monstar;;;;;;;;;;;;;;;;;;;;;;;;;;
;;;;;soohyunhwang;;;;;;;;;;;;;;;;;;;;;;;;;;
;;;;;apaajaada15;;;;;;;;;;;;;;;;;;;;;;;;;;
;;;;;pinkaisle;;;;;;;;;;;;;;;;;;;;;;;;;;
;;;;;utsukushishoppu_;;;;;;;;;;;;;;;;;;;;;;;;;;
;;;;;pafrenz;;;;;;;;;;;;;;;;;;;;;;;;;;
;;;;;dks666_photography;;;;;;;;;;;;;;;;;;;;;;;;;;
;;;;;mycutiehouse;;;;;;;;;;;;;;;;;;;;;;;;;;
;;;;;joyolivia;;;;;;;;;;;;;;;;;;;;;;;;;;
;;;;;j_yaying;;;;;;;;;;;;;;;;;;;;;;;;;;
;;;;;charlene22;;;;;;;;;;;;;;;;;;;;;;;;;;
;;;;;h_eiress;;;;;;;;;;;;;;;;;;;;;;;;;;
;;;;;littlewardrobeshop;;;;;;;;;;;;;;;;;;;;;;;;;;
;;;;;db_shopp;;;;;;;;;;;;;;;;;;;;;;;;;;
;;;;;d2you88;;;;;;;;;;;;;;;;;;;;;;;;;;
;;;;;bestintravel;;;;;;;;;;;;;;;;;;;;;;;;;;
;;;;;thegreenbrunette;;;;;;;;;;;;;;;;;;;;;;;;;;
;;;;;barebeautyshoppe;;;;;;;;;;;;;;;;;;;;;;;;;;
;;;;;oftravelsandtales;;;;;;;;;;;;;;;;;;;;;;;;;;
;;;;;makanarts;;;;;;;;;;;;;;;;;;;;;;;;;;
;;;;;seventees70_luxee;;;;;;;;;;;;;;;;;;;;;;;;;;
;;;;;girlilikoi;;;;;;;;;;;;;;;;;;;;;;;;;;
;;;;;shentonista;;;;;;;;;;;;;;;;;;;;;;;;;;
;;;;;mr.boo89;;;;;;;;;;;;;;;;;;;;;;;;;;
;;;;;dwpickoftheday;;;;;;;;;;;;;;;;;;;;;;;;;;
;;;;;ryanraroar;;;;;;;;;;;;;;;;;;;;;;;;;;
;;;;;twentycaps;;;;;;;;;;;;;;;;;;;;;;;;;;
;;;;;josephine_ledz;;;;;;;;;;;;;;;;;;;;;;;;;;
;;;;;iklan_advertising1;;;;;;;;;;;;;;;;;;;;;;;;;;
;;;;;athenastars;;;;;;;;;;;;;;;;;;;;;;;;;;
;;;;;tancharmaine;;;;;;;;;;;;;;;;;;;;;;;;;;
;;;;;iskiskisk;;;;;;;;;;;;;;;;;;;;;;;;;;
;;;;;toshirosg;;;;;;;;;;;;;;;;;;;;;;;;;;
;;;;;walkin_closetshop;;;;;;;;;;;;;;;;;;;;;;;;;;
;;;;;caylacloset;;;;;;;;;;;;;;;;;;;;;;;;;;
;;;;;lookbook;;;;;;;;;;;;;;;;;;;;;;;;;;
;;;;;basicmodels;;;;;;;;;;;;;;;;;;;;;;;;;;
;;;;;pinkalious_princess;;;;;;;;;;;;;;;;;;;;;;;;;;
;;;;;geraldpng;;;;;;;;;;;;;;;;;;;;;;;;;;
;;;;;fashionkawaii.asiancute;;;;;;;;;;;;;;;;;;;;;;;;;;
;;;;;welovefleamarkets;;;;;;;;;;;;;;;;;;;;;;;;;;
;;;;;kimgeck;;;;;;;;;;;;;;;;;;;;;;;;;;
;;;;;aashniandco;;;;;;;;;;;;;;;;;;;;;;;;;;
;;;;;brandonhongli;;;;;;;;;;;;;;;;;;;;;;;;;;
;;;;;korean.closet;;;;;;;;;;;;;;;;;;;;;;;;;;
;;;;;jessicaval;;;;;;;;;;;;;;;;;;;;;;;;;;
;;;;;bynorra;;;;;;;;;;;;;;;;;;;;;;;;;;
;;;;;ivalice_fashionshop;;;;;;;;;;;;;;;;;;;;;;;;;;
;;;;;clozetteco;;;;;;;;;;;;;;;;;;;;;;;;;;
;;;;;nickkjh;;;;;;;;;;;;;;;;;;;;;;;;;;
;;;;;synntaclaus;;;;;;;;;;;;;;;;;;;;;;;;;;
;;;;;singaporemoments;;;;;;;;;;;;;;;;;;;;;;;;;;
;;;;;heyitslaser;;;;;;;;;;;;;;;;;;;;;;;;;;
;;;;;ikasilviana_oriflame;;;;;;;;;;;;;;;;;;;;;;;;;;
;;;;;vheeca;;;;;;;;;;;;;;;;;;;;;;;;;;
;;;;;ootdbyaj;;;;;;;;;;;;;;;;;;;;;;;;;;
;;;;;kiimbodia;;;;;;;;;;;;;;;;;;;;;;;;;;
;;;;;chopyourpassport;;;;;;;;;;;;;;;;;;;;;;;;;;
;;;;;khongkwan_style;;;;;;;;;;;;;;;;;;;;;;;;;;
;;;;;weeteck;;;;;;;;;;;;;;;;;;;;;;;;;;
;;;;;yummymich;;;;;;;;;;;;;;;;;;;;;;;;;;
;;;;;koreaitem_shop;;;;;;;;;;;;;;;;;;;;;;;;;;
;;;;;carpalwatchplus;;;;;;;;;;;;;;;;;;;;;;;;;;
;;;;;summerfreakproject_sg;;;;;;;;;;;;;;;;;;;;;;;;;;
;;;;;followlin;;;;;;;;;;;;;;;;;;;;;;;;;;
;;;;;rainbowshoppee;;;;;;;;;;;;;;;;;;;;;;;;;;
;;;;;happyshopping56;;;;;;;;;;;;;;;;;;;;;;;;;;
;;;;;jeunesse_distributor;;;;;;;;;;;;;;;;;;;;;;;;;;
;;;;;kelvinyh;;;;;;;;;;;;;;;;;;;;;;;;;;
;;;;;corigons;;;;;;;;;;;;;;;;;;;;;;;;;;
;;;;;mmbfruit;;;;;;;;;;;;;;;;;;;;;;;;;;
;;;;;saksthomas;;;;;;;;;;;;;;;;;;;;;;;;;;
;;;;;blacksatinoblog;;;;;;;;;;;;;;;;;;;;;;;;;;
;;;;;fittysense;;;;;;;;;;;;;;;;;;;;;;;;;;
;;;;;abid1407;;;;;;;;;;;;;;;;;;;;;;;;;;
;;;;;sepatucewe;;;;;;;;;;;;;;;;;;;;;;;;;;
;;;;;styleunni;;;;;;;;;;;;;;;;;;;;;;;;;;
;;;;;jessicahanita95;;;;;;;;;;;;;;;;;;;;;;;;;;
;;;;;qttiegelly;;;;;;;;;;;;;;;;;;;;;;;;;;
