Brands,Keywords,,,,,
,Furniture,Bedding,Bath,Kitchen,Other Words,Home Improvement
Crate and Barrel,sofa,Duvet,Bath Matt,Tabletop,Beveled glass,ceilings
Pottery Barn,loveseat,Pillow Sham,Shower Curtain,Butcherboard,Faux-finish,skylights
Restoration Hardware,chaise lounge,Bed Sheets,Toilet Covers,flatware,Feng Shui,wallpaper
Ikea,Dining Chairs,Pillow Cases,Bath towels,Stemware,Finial,bathroom
cb2,Accent Chairs,Decorative Pillows,bath rugs,Glassware,Upholstery,kitchen
West Elm,ottoman,Bolster,bath accessories,Serving Bowls,,living rooms
One Kings Lane,Benches,Bed Skirts,bath mirrors,Serving Utensils,Wing-back,floor tile
houzz,Stools,Comforters ,bathroom scales,,wall decal,headboards
The Decor Store,Tables,Blankets,shower curtain rods,,,upholstering 
Pier 1,Dining Tables,Mattress Pads,Towel bars & rings,Dish Towel,,furniture
Z Gallerie,Side Tables,Mattress Toppers,Toilet hardware,,,window treatments
Dwell Studio,coffee table,,plunger ,Table Linens,,cabinets
Jonathan Adler,Console Tables,,,Table cloth,,countertops
Burke Decor,Desks,,Ironing Board,Napkins,,kitchen faucets
World Market,cabinet,,Hampers,Napkin Rings,,radiant floors
Kirklands,shelving,,Towel Warmers,Place mats,,
Design within Reach,armoire,,Medicine Cabinets,Tablecloth,,
Touch of Modern,sideboards,,,Table Runner,,
Serena & Lily,media storage,,,Spice Racks,,
Serena and Lily,Shelves,,,Kitchen Carts,,
All Modern,Bookcase,,,Pot Racks,,
All+Modern,Bed,,,,,
Umbra,headboard,,,Dutch Ovens,,
Alessi,Nightstand,,,Grill Pans & Griddles,,
Vitra,Side tables,,,Cutlery Collections,,
Artek,Dressers,,,Steak Knives,,
,Armoires,,,Chair Pads,,
Poppin,picnic table,,,,,
Thrive Furniture,Table Lamp,,,,,
Blue Dot,Floor Lamp,,,,,
Barbara Barry,Chandalier,,,,,
Avanti,Bergere chair,,,,,
Croscill,Chaise longue,,,,,
Wamsutta,Credenza,,,,,
Lamont Home,Etagere,,,,,
WaterShed,Futon,,,,,
Kenneth Cole Reaction Home,Gate-leg table,,,,,
Drive Medical,Sconce,,,,,
Park B. Smith,,,,,,
Moen,,,,,,
Interdesign,,,,,,
Ballard Design,,,,,,
,,,,,,
Guilt Home,,,,,,
Circa Lighting,,,,,,
Room and Board,,,,,,
John Derian ,,,,,,