Brands,Keywords,,,,,,
,Makeup,Fragrance,Nails,Skin care,Words,Hair,Other
Acqua Di Parma,lipstick,fragrance,nailpolish,serum,,Hair Removal,teeth whitening
Algenist,eyeliner,perfume,Manicure,body lotion,beauty products,Hair Dryers,teeth white
ALTERNA,eyebrow pencil,cologne ,Pedicure,body wash,beauty product,Flat Iron,
Amazing Cosmetics,lipstick,body spray,nail decals,repair lotion,makeup ,Curling Iron,
Amika,makeup,roll-on perfume ,cuticle cream,perfecting cream,,Hair Brush,
AmorePacific,Face Primer,,nail stickers ,repairing lotion,,Tweezers,
Anastasia Beverly Hills,Face Powder,,,facial cream,,Scalp Treatment,
,Concealer,,,Tinted Moisturizer,,Shampoo,
Anna Sui,Bronzer,,,Makeup Remover,,Conditioner,
Anthony Logistics For Men,Luminizer,,,exfolioator,,Dry Shampoo,
Apivita,Oil Control,,,night cream,,Hair Color,
ARDENCY INN,Blotting Paper,,,face oil,,Hairspray,
The Art of Shaving,Makeup sponge,,,face mist,,Volumizing Hairspray,
Atelier Cologne,Makeup applicator,,,eye cream,,Hair Mouse,
,EYE MAKEUP,,,neck cream,,Hair Gel,
,Eyeshadow,,,acne treatment,,Hair Oil,
bareMinerals,Eyeshadow palette,,,face mask,,Root Touch Up,
beautyblender,Mascara,,,facial peels,,Hair Accessories,
,Eyeshadow,,,facial,,Styling Cream,
Benefit Cosmetics,Under Eye Concealer,,,self-tanner,,Hair Serum,
Bite Beauty,Eyelash enhancer,,,cellulite cream,,Curl Defining Cream,
Blinc,Eyelash primer,,,toner,,Shine Pomade,
,Eyelash curler,,,face mask,,Hair Wax,
Bobbi Brown,false eyelashes,,,body scrub,,detangler,
boscia,eye makeup remover,,,anti aging cream,,deep conditioning,
,lipstick,,,coco butter,,,
Brazilian Peel,lip gloss,,,hair oil,,,
Bronze Buffer,lip plumper,,,,,,
Bumble and bumble,lip stain,,,,,,
Burberry,lip liner,,,,,,
butter LONDON,lip balm,,,,,,
Buxom,lip brushes,,,,,,
,makeup palette,,,,,,
,gel eyeliner,,,,,,
Calista Tools,,,,,,,
,,,,,,,
Carol's Daughter,,,,,,,
Carolina Herrera,,,,,,,
,,,,,,,
Caudalie,,,,,,,
,,,,,,,
Charlotte Ronson,,,,,,,
,,,,,,,
Ciaté,,,,,,,
Clarins,,,,,,,
Clarisonic,,,,,,,
,,,,,,,
Clearogen,,,,,,,
CLINIQUE,,,,,,,
,,,,,,,
Colorsmash,,,,,,,
Comptoir Sud Pacifique,,,,,,,
Couture Colour,,,,,,,
COVER FX,,,,,,,
Curl Styler,,,,,,,
,,,,,,,
,,,,,,,
DDF,,,,,,,
Deborah Lippmann,,,,,,,
DERMAdoctor,,,,,,,
DESIGUAL,,,,,,,
DevaCurl,,,,,,,
Diamancel,,,,,,,
Dermalogica,,,,,,,
,,,,,,,
,,,,,,,
,,,,,,,
Divergent Cosmetics,,,,,,,
,,,,,,,
,,,,,,,
,,,,,,,
Dr. Brandt Skincare,,,,,,,
Dr. Dennis Gross Skincare,,,,,,,
Dr. Jart+,,,,,,,
Dr. Lipp,,,,,,,
Drybar,,,,,,,
,,,,,,,
,,,,,,,
EDWARD BESS,,,,,,,
Elizabeth and James,,,,,,,
ELLIS FAAS,,,,,,,
Escada,,,,,,,
Estee Lauder,,,,,,,
Eve Lom,,,,,,,
Evian,,,,,,,
Eyeko,,,,,,,
,,,,,,,
,,,,,,,
First Aid Beauty,,,,,,,
Foreo,,,,,,,
Formula X,,,,,,,
,,,,,,,
,,,,,,,
ghd,,,,,,,
,,,,,,,
,,,,,,,
GLAMGLOW,,,,,,,
GLO,,,,,,,
,,,,,,,
Guerlain,,,,,,,
HairMax,,,,,,,
Hampton Sun,,,,,,,
Hanae Mori,,,,,,,
Harajuku Lovers,,,,,,,
,,,,,,,
,,,,,,,
Hourglass,,,,,,,
,,,,,,,
Hum Nutrition,,,,,,,
,,,,,,,
I LOVE NEW YORK by Bond No. 9,,,,,,,
Issey Miyake,,,,,,,
,,,,,,,
,,,,,,,
,,,,,,,
,,,,,,,
,,,,,,,
JINsoon,,,,,,,
John Varvatos,,,,,,,
,,,,,,,
,,,,,,,
,,,,,,,
Jurlique,,,,,,,
,,,,,,,
Karuna,,,,,,,
,,,,,,,
Kate Somerville,,,,,,,
Kenzo,,,,,,,
KeratinPerfect,,,,,,,
Koh Gen Do,,,,,,,
Korres,,,,,,,
,,,,,,,
L'Artisan Parfumeur,,,,,,,
L'Occitane,,,,,,,
Lab Series For Men,,,,,,,
,,,,,,,
Lancôme,,,,,,,
LASHFOOD,,,,,,,
Laura Mercier,,,,,,,
LAVANILA,,,,,,,
Lea Journo,,,,,,,
Lit Cosmetics,,,,,,,
,,,,,,,
,,,,,,,
MAISON MARTIN MARGIELA,,,,,,,
,,,,,,,
Manuka Doctor,,,,,,,
Marc Jacobs Beauty,,,,,,,
Marc Jacobs Fragrance,,,,,,,
MARCHESA,,,,,,,
Marula,,,,,,,
Masque*ology,,,,,,,
MDSolarSciences,,,,,,,
me smooth,,,,,,,
,,,,,,,
Montblanc,,,,,,,
Murad,,,,,,,
Mustela,,,,,,,
,,,,,,,
,,,,,,,
Narciso Rodriguez,,,,,,,
NARS,,,,,,,
,,,,,,,
,,,,,,,
No Cosmetics,,,,,,,
Nu Brilliance,,,,,,,
NUDE Skincare,,,,,,,
NuFACE,,,,,,,
,,,,,,,
Obsessive Compulsive Cosmetics,,,,,,,
Ojon,,,,,,,
Ole Henriksen,,,,,,,
Omorovicza,,,,,,,
,,,,,,,
Oscar Blandi,,,,,,,
Ouidad,,,,,,,
OPI,,,,,,,
Paco Rabanne,,,,,,,
Perfect Formula,,,,,,,
Perfekt,,,,,,,
Perricone MD,,,,,,,
Peter Thomas Roth,,,,,,,
,,,,,,,
Phyto,,,,,,,
Pinch Provisions,,,,,,,
,,,,,,,
,,,,,,,
,,,,,,,
,,,,,,,
Radical Skincare,,,,,,,
,,,,,,,
,,,,,,,
Repetto,,,,,,,
Rita Hazan,,,,,,,
Rosebud Perfume Co.,,,,,,,
,,,,,,,
Sachajuan,,,,,,,
SEPHORA by OPI,,,,,,,
SEPHORA COLLECTION,,,,,,,
Sephora Favorites,,,,,,,
SEPHORA+PANTONE UNIVERSE,,,,,,,
Shaveworks,,,,,,,
Shiseido,,,,,,,
Silk'n,,,,,,,
SK-II,,,,,,,
Smashbox,,,,,,,
Soap & Glory,,,,,,,
,,,,,,,
St. Tropez Tanning Essentials,,,,,,,
,,,,,,,
,,,,,,,
Sultra,,,,,,,
Sunday Riley,,,,,,,
Supergoop!,,,,,,,
,,,,,,,
,,,,,,,
Tanda,,,,,,,
Tangle Teezer,,,,,,,
TanTowel,,,,,,,
,,,,,,,
Tata Harper,,,,,,,
Tatcha,,,,,,,
tenoverten,,,,,,,
TheBalm,,,,,,,
Thierry Mugler,,,,,,,
Tocca Beauty,,,,,,,
TokyoMilk Dark,,,,,,,
,,,,,,,
,,,,,,,
Toppik,,,,,,,
,,,,,,,
Tria,,,,,,,
Tweezerman,,,,,,,
,,,,,,,
Urban Decay,,,,,,,
,,,,,,,
,,,,,,,
VERSO SKINCARE,,,,,,,
Viktor & Rolf,,,,,,,
Vita Liberata,,,,,,,
,,,,,,,
,,,,,,,
WEN® by Chaz Dean,,,,,,,
,,,,,,,
,,,,,,,
,,,,,,,
Yu-Be,,,,,,,
,,,,,,,
birchbox,,,,,,,
,,,,,,,
21 Drops,,,,,,,
Neutragena ,,,,,,,
Loreal,,,,,,,
Wet n' wild,,,,,,,
John Freida ,,,,,,,
Aveeno,,,,,,,
Nexxus,,,,,,,
Conair,,,,,,,
Revlon,,,,,,,
Pantene,,,,,,,
Palmer's,,,,,,,
Maybelline,,,,,,,
Olay,,,,,,,
Alba,,,,,,,
Alcon,,,,,,,
Almay,,,,,,,
Allegro,,,,,,,
Andalou Naturals,,,,,,,
Ambi,,,,,,,
Sally Hansons,,,,,,,
CoverGirl,,,,,,,
Mineral Fusion,,,,,,,
Pur Minerals ,,,,,,,
Milani,,,,,,,
NP set,,,,,,,
Sonia Kashuk,,,,,,,
Rimmel London,,,,,,,
Ardell,,,,,,,
JK Jemma Kidd,,,,,,,
Lip Smackers,,,,,,,
Ardell,,,,,,,
Nanoblur,,,,,,,
herbal essences,,,,,,,
garnier fructis ,,,,,,,
Avene,,,,,,,
Clearasil,,,,,,,
CeraVe,,,,,,,
Nivea,,,,,,,
Vidal Sassoon,,,,,,,
Miracoilicious ,,,,,,,