Brands,Keywords,,,
,Hiking Keywords,Water Sports,Cycling,Exercise
Patagonia,rock climbing,water sports,Handlebar Bag,sports bra
Marmont,treking,jetskis,Full-Face Helmets,yoga tank
66North,tent,wakeboard,Kids' Helmets,yoga shirt
,hike,surfboard,MTB Helmets,yoga pants
Arc'Teryx,hiking,paddleboat,Road Helmets,stretch pants
Asolo,crampons,Kayak,Urban Helmets,running pants
Big Agnes,Daypacks,Stand-Up Boards,Cycling,running shorts
,Expedition Packs,SUP Accessories,Bicycle,running shoes
Black Diamond,Hydration Packs,SUP Paddles,Bike Lighting,tennis shoes
Camelbak,Multi-Day Packs,Boardshorts,Child Trailers,crosstrainers
Canada Goose,Car Racks,Rashguards,Cargo Trailers,yoga
Carhartt,1-Person Tents,Swim Trunks,Pet Trailers,
Chaco,2-Person Tents,Bikini Bottoms,Tag-a-Longs,
Danner,3-Person Tents,Bikini Tops,Hitch-Mounted,
Deuter,4-Person Tents,Boardshorts,Roof-Mounted,
,Camping Cots,One-Piece Suits,Trunk-Mounted,
Five Ten,Sleeping Pads,,Helmet,
Fjallraven,Gaiters,Tankinis,,
Garmin,Hiking Boots,Wakeboard Bindings,,
GoPro,Hiking Socks,Wakeboard Vests,,
GORE-TEX,Snowshoes,Wakeboards,,
Gregory,Headlamp,Waders,,
Helly Hansen,Bouldering Pads,Fishing,,
Hilleberg,Carabiner,,,
Ibex,Helmet,,,
,Kids' Harnesses,,,
,Men's Harnesses,,,
Kelty,Women's Harnesses,,,
Kuhl,Dry Ropes,,,
La Sportiva,Standard Ropes,,,
,Static Ropes,,,
Lole,Rope Bags,,,
Lowa,Alpine Tents,,,
Mammut,Glacier Glasses,,,
Marmot,Ice Axes,,,
Merrell,Ice Screws,,,
Metolius,Caving Ropes,,,
Mizuno,Caving Harnesses,,,
Montane,Headlamps,,,
Moosejaw,,,,
Mountain Hardwear,,,,
Mountain Khakis,,,,
MSR,,,,
Napapijri,,,,
,,,,
,,,,
,,,,
Olukai,,,,
Osprey,,,,
Outdoor Research,,,,
Patagonia,,,,
Pearl Izumi,,,,
Petzl,,,,
Prana,,,,
RAB,,,,
,,,,
Salomon,,,,
Sanuk,,,,
Scarpa,,,,
Sea to Summit,,,,
Sierra Designs,,,,
,,,,
,,,,
Sorel,,,,
,,,,
Suunto,,,,
The North Face,,,,
,,,,
Thule,,,,
Timbuk2,,,,
Under Armour,,,,
,,,,
Vibram FiveFingers,,,,
Westcomb,,,,
Western Mountaineering,,,,
Yakima,,,,