Brands,Keywords,,,,,,,,,,,
,Sewing Tools,Quilting,Knitting,Embroidery,Sewing Patterns,Painting,Drawing,Ceramics,Paper Crafts,Tools,Home Improvement,Beading
Elna (Swiss company),,fat quarters,Crochet Hooks,embroidery machines,Cut and Sew,Oil paints,graphite,hole cutters,scrapbooking,hammer drill,drywall,bead looms
"Bernina International
",measurement charts,pre-cuts,yarn,applique,Dart,acrylique,number 2 pencil,ribbon sculpting tool,paints,press drill,paneling,beading cords & threads
Brother Industries,spool,charm packs,knitting needles,Heat Dissolving Machine Embroidery Stabilizer ,Hem,horsehair brushes,colored pencils,Double Ended Tracing Stylus,paint brushes,air drill,trim & molding,Beading hardware
Feiyue (Sewing),polyester thread,layer cakes,knitting kits,embroidery thread,FACING,linseed oil,kneaded eraser,stylus,airbrush,percussion drill,wainscoting,beading hardware
"Janome
Jones Sewing Machine Company
Juki",cotton thread,jelly rolls,,,FELLED SEAM,paint thinner,compass,sculpting tool,paint finishes,power drill,stucco,beading kits
"Jones Sewing Machine Company
",serger,applique,,,FLAT STITCH,galkyd ,calligraphy,clay roller,mixing trays,slotted screwdriver,ceilings,beading tools
Juki,quilting,patchwork,,,FLY,safflower oil,charcoal,fettling knife hard,sketchpad,flared screwdriver,skylights,beads & bead assoirtments
Merrow Sewing Machine Company,,half-square triangles,,,FRENCH SEAM,Walnuts oil,chalk,taperpoint brush,construction paper,sander,wallpaper,casting machines
Leader Sewing Machine,thimbles,rotary blade,,,FUSE,varnish ,india ink,pottery wheel,banner & sign cloth,orbital sander,insulation,casting metals
National Sewing Machine Company,threaders,healing matt,,,GATHERING,turpenoid,pastels,,canvas pads,sheet sander,doors,engraving
Pfaff,trim & embellishments,long-arm quilter,,,GAUNTLET,cold wax,felt tip pen,,canvas panels,bench sander,hardwood,jewelry findings
Sewmor,pins,Album Quilt,,,GRAIN LINE,Poppy oil ,sharpie,,canvas tools & accessories,spanner,floor tile,polishing & buffing
Singer Corporation,pin cushions,Assembly Piecing,,,HOOK & EYE,bamboo brushes,embossing powder,,clayboard,open ended spanner,laminate,wax molding materials
SVP Worldwide,machine needles,Autograph Quilt,,,INTERLINE,wax palette ,,,gessboard,ring spanner,carpet,wire
Tacony Corporation,notions,Background Fabric,,,JERSEY STITCH,,,,hardboard,offset ring spanner,radiant floors,earring backs
Taft-Peirce Manufacturing Company,hand needles,Backing,,,KEYHOLE BUTTONHOLE,,,,pastelboart,split ring spanner,stone,charms
Barth√©lemy Thimonnier,fasteners,Bargello,,,KNIFE PLEAT,,,,pre-streched canvas,box spanner,concrete,clasps
VSM Group,,Bark Cloth ,,,LAPEL,,,,rolled canvas,adjustment spanner,vinyl,lobster clasp 
White Sewing Machine Company,dress forms,Basting,,,MANDARIN COLLAR,,,,wood art boards,torque wrench,bathroom,pendants 
,bobbins,Batik,,,MITRED CORNERS,,,,pallette ,pipe wrench,kitchen,crimp beads
,pillow forms,Batting,,,,,,,printmaking,footprint wrentch ,living rooms,wire
,fabric painting,quilt binding,,,,,,,screenprinting,stilson wrench,wall coverings,
,dyeing,Broadcloth,,,PATTERN HOLES,,,,Decapogue,mole wrench,headboards,
,cases & transport,Charm Quilt,,,PATTERN LAY CHART,,,,,strap wrentch,upholstering ,
,closures,Conversational Prints,,,PATTERN NOTCHES,,,,,G clamps,furniture,
,bondex,Crazy Quilt,,,PETER PAN COLLAR,,,,,Power Clamps,window treatments,
,awl,Directional Prints ,,,,,,,,Bench Clamps,crafting,
,Ballpoint needle,Paper Piecing,,,PINTUCKS,,,,,Screw Clamps,cabinets,
,Bar tack,Echo Quilting,,,PIPING,,,,,Sash Clamps,countertops,
,Bias Tape,Foundation Piecing,,,PLACKET,,,,,Picture Frame Clamps,kitchen faucets,
,Darn,Free-Style Fillers,,,PLEATS,,,,,Claw Hammer,lighting,
,Edgestitch,Friendship Quilt,,,PLUS SIZES,,,,,Ball Pein,islands,
,Entredeux,Fusibles,,,PRINCESS SEAM,,,,,Cross and Straight Pein,screws,
,Facing,Fussy Cut ,,,RAGLAN SLEEVE,,,,,Club Hammer,kitchen sinks,
,Gusset,Hand-Quilting,,,REVER,,,,,Sledge Hammer,washer,
,,Hanging Sleeve,,,SADDLE STITCH,,,,,Power Hammer,landscaping,
,,In-The-Ditch,,,SELVEDGE,,,,,Jigsaw,decks,
,,Lap Quilting,,,SHEARS,,,,,Circular Saw,patios,
,,Log Cabin ,,,SHIRRING,,,,,Hacksaw,walkways,
,,Long Arm Quilting,,,STA'S,,,,,Power Hammers,driveways,
,,Memory Quilt ,,,TOP PRESS,,,,,Bandsaw,gardeining,
,,Mitered corners,,,TOP STITCH,,,,,Metric Saw,lawns,
,,Muslin,,,TWIN NEEDLE,,,,,Holesaw,retaining walls,
,,Needle-Punched Batting,,,UNDER PRESS,,,,,Butt Hinges,drainage,
,,Nine-Patch Block,,,VELCRO,,,,,Butterfly Hinges,tubs,
,,On Point,,,VILENE,,,,,Pivot,showers,
,,Patchwork,,,YOKE,,,,,Flush Hinges,faucets,
,,Pieced Border,,,,,,,,Barrel Hinges,garbage disposals,
,,Prairie Points,,,ZIPS,,,,,Bevel Chisel,leaks,
,,Quilting Guild,,,BAG OUT,,,,,Firmer Chisel,pipes & fittings,
,,Quilt Guild,,,BABY LOCK,,,,,Paring Chisel,sinks,
,,Sashing,,,BINDING,,,,,,toilets,
,,Selvage ,,,BLIND HEM,,,,,,water heater,
,,Selvedge,,,BONING,,,,,,Axe ,
,,Signature Quilt,,,BOUND BUTTON HOLE,,,,,,Bins,
,,Strip Piecing,,,CASING,,,,,,Blade,
,,Trapunto,,,CHAIN STITCH,,,,,,Head Gun,
,,Wall Quilt,,,CIRCULAR FRILLS,,,,,,,
,,Wallhanging,,,COLLAR STAND,,,,,,,
,,Wall-hanging,,,COWL NECK,,,,,,,
,,Wall hanging,,,DART,,,,,,,
,,White Work,,,DOLMAN SLEEVE,,,,,,,
,,,,,DRILL HOLES,,,,,,,
,,,,,EASE,,,,,,,
,,,,,EDGE STITCH,,,,,,,
,,,,,ESTIMATE,,,,,,,