Brands (TOYS),,,
,Kids Games,TOYS ,Kids Shows
,Moustrap game,building blocks,Nick Jr
"A + DA
",Scrabble Junior,baby dolls,Dora The Explorer
"Academy Plastic Model
",Trouble Board Game,collectible dolls,Bubble & Guppies
"ActiMates
",Boggle Junior Game,doll clothes & accessories,Peter Rabbit
"Airgamboys
",Bop it XT,doll furniture,Team Umizoomi
"Angel Cat Sugar
",Connect 4 Launchers ,dollhouses,Wallykazam!
"Aquadoodle
",Yahtzee Jr. Disney Princess Edition,,Paw Patrol
Barclay Manufacturing Company,Pictionary Jr. ,mini-dolls & playsets,Zack and Quack
,Snakes and Ladders,plush animals,Julius Jr. 
Bayko,Hungry Hungry Hippo,cooking & baking toys,Max & Ruby
Bburago,Rockem Sockem Robots,,Lalaloopsy
Benbros,Barrel of Monkeys Game,play tent,Mike and the Knight
Big Loo,Pick-up sticks,play tunnel,Tickety Toc
Big Mouth Billy Bass,Spurtle Turtle Game,play houses,Peppa Pig
Bobby-Car,Cranium Grab and Go Hoppity Winks,,Franklin and Friends
Boyds Bears,Candyland,,Dino Dan
,,,Yo Gabba Gabba!
Britains Deetail,,toy doctor,Blue's Clues
Brumm,,toy vet,Oswald
Budgie Toys,,toy gardening & housekeeping,Little Einsteins
Buzz Bee Toys,,toy kitchens,Octonauts
Cashflow Technologies,,toy food,Jake and the Never Land Pirates
Chad Valley,,toy work benches,Doc McStuffins
Chicco,,board games,Mickey Mouse ClubHouse
Cinema of Fear,,card games,Little Einsteins
Cleversticks,,electronic games,Henry Hugglemonster
Colorforms,,,Jungle Junction
Conrad Models,,,Rolie Polie Olie
Convertors,,,Imagination Movers
Corgi Toys,,,Minnie's Bow Toons
Cox Models,,,Mouk
Crescent Toys,,,Charlie and Lola
,,,JoJo's Circus
Domino Rally,,,
Dragon Models Limited,,,
Dugu Miniautotoys,,,
Dulcop,,,
Dyna-Flytes,,kids' tablet software,
Efsi Toys,,kids' tablet accessories,
Elastolin,,musical toys & instruments,
Eldran series,,learning & development toys,
Ertl Company,,Stuffed animals,
Exogini,,plush toys,
J. K. Farnell,,,
FemiSapien,,play vehicles,
Four Horsemen Studios,,,
Franklin Mint Precision Models,,remote-controlled animals,
Galaxy Serie,,remote-controlled vehicles ,
Gund,,,
Gurglin Gutz,,bounce houses & ball pits,
Hama beads,,,
Hamilton Invaders,,,
Hasbro,,sand boxes,
,,sand toys,
Herpa,,,
Hot Toys,,,
Hot Wheels,,snow toys,
Husky Toys,,,
,,,
Jewelpet,,,
John Hill & Company,,toy blasters,
K's Kids,,,
Kapla,,,
KEVA Planks,,,
Kitty in My Pocket,,,
Koosh ball,,,
Koosh Kins,,,
Kota the triceratops,,,
Lamaze Infant Development System,,rockers and spring horses,
Lima (models),,tricycles,
List of model car brands,,,
Littlest Pet Shop,,,
Lledo,,rattles,
Lone Star Toys,,,
,,,
Madballs,,,
Maisto,,,
,,,
Mamod,,,
Manoil Manufacturing Co.,,,
Martoys,,,
,,,
,,,
Mattel,,,
Mebetoys,,,
Merrythought,,,
Metosul,,,
Mettoy,,,
,,,
,,,
Mikro'67,,,
Minibrix,,,
Minimates,,,
Muky,,,
My Little Pony,,,
Nelsonic Industries,,,
Nerf,,,
Norev,,,
Nutty Mads,,,
NZG Models,,,
Omnibot,,,
Outer Space Men,,,
Pal Mickey,,,
Perler beads,,,
Pillow Pets,,,
Plasticville,,,
Play TV (Radica),,,
Playart,,,
Playmates Toys,,,
Pleo,,,
,,,
Polistil,,,
,,,
RAMI by J.M.K.,,,
J & L Randall,,,
Record Breakers: World of Speed,,,
Remco Showboat,,,
RIO Models,,,
Rivarossi,,,
Road Champions,,,
Roboquad,,,
Roboraptor,,,
RoboSapien,,,
Sablon diecast,,,
Safir (models),,,
,,,
Show'N Tell,,,
Skannerz,,,
Solido,,,
Sophie the Giraffe,,,
Stikfas,,,
Super Imaginative Chogokin,,,
Talk 'n Play,,,
Teddy Ruxpin,,,
Tekno (toy manufacturer),,,
Tenyo,,,
Thomas & Friends merchandise,,,
Timpo,,,
Tiny Love,,,
TootsieToy,,,
TOSY,,,
Traxxas,,,
TT Toys Toys,,,
Upsy Downsy,,,
VEB Plasticart,,,
Vitesse Models,,,
Welly (toy company),,,
Wentworth Wooden Puzzles,,,
Wooly Willy,,,
Yat Ming,,,
Yowie (chocolate),,,
Zbots,,,
Ziss Modell,,,
Zoobles!,,,
Zoomorphs,,,
Zubbles,,,
crayola,,,
Leap Frog,,,
Nintendo,,,
Fisher Price,,,
play-doh,,,
Bratz,,,
Barbie,,,