Brands,Keywords,,,,,,,
,Cooking Tools,Appliances,Utensils,Misc.,Dishes,Spices,Food Types,Sauces/Oils
Williams Sonoma,Cutting Boards,Blender,Cooking Utensils,Cookbook,Mixing Bowls,Achiote Seed,Panini,Sriratcha 
Williams-Sonoma,Measuring Cup,Juicer,Grater,recipe,teacup,Ajwain Seed,Smoothie,Soy Sauce
Kitchen and Company,Measuring Spoon,Food Processors,Peeler,ingredient,saucer,Ajwan Seed,Taco,Tamari
Kitchen & Company,Oil Dispenser,Toaster,Can Openers,,gravy boat,Allspice Ground,Enchilladas ,Liquid Amino 
Food Network,Wok,Oven,Kitchen Shears,,platter,Allspice Whole,Salad,Pesto
Food Network Store,Skillet,Stove,Knife Sets,,,Amchoor,BBQ & Grilling,Marinara
Good Eats,Waffle Iron,Electric Stove,Chef's Knives,,,Anise,Breakfast,Fish Sauce
All-Clad,Can Opener ,Refrigerator ,Santoku Knives,,,Anise Star,Brunch,Sesame Seed Oil
Chef'n,,Coffee Maker,Steak Knives,,,Aniseed Whole,Appetizer,Mustard Seed Oil
Peugeot,Salad Spinners,Expresso Machine ,Utility Knives,,,Annatto Seed,Dessert,Coconut Oil
Le Creuset,Colanders,Kettle,Carving Knife,,,Arrowroot,Pie,Olive Oil
Breville,Jar Opener,Rice Cooker,Carving Knives,,,Asafoetida,Ice Cream,Truffle Oil
Calphalon,Canning,Slow Cooker,Bread Knives,,,Baharat,Cookies,Horseradish Cream Sauce
KitchenAid,Sauce Pan,Toaster Oven,Bread Knife,,,Balti Masala,Cake,Peanut Sauce
Vitamix,Cast Iron,Deep Fryer,Ceramic Knife,,,Balti Stir Fry Mix,Pudding,Mango Salsa
Wusthof,Fry Pans,Panini Press,Ceramic Knives,,,Basil,Brownies,Butter Sauce
ZWilling J.A.Henckles,Bundt Pan,Toasters,Knife Sharpeners,,,Bay Leaves,Cobbler,Chimichurri Sauce
Rachel Ray,Cooling Rack,Countertop Blenders,Chopper,,,BBQ Seasoning,Shortcake,Ketchup
Cuisinart,Cupcake Pans,Food Processors,Slicer,,,Biryani Spice Mix,Cheesecake,Apple Cider Vinegar
Keurig,Muffins Pans,Contact Grills,Tong,,,Bouquet Garni,Sandwich ,Rice Wine Vineger
Advantium,Bread Pan,Knife Sharpener,Whisk,,,Cajun Seasoning,Biscuits,Balsamic Vineger 
AGA cooker,Loaf Pan,Microwave,Salt and Pepper Shaker,,,Caraway Seed,Candies,Bechamel
Lincat,Baking Dish,Hand Blender,Peelers,,,Cardamom Ground,Gelatins,Alfredo
Hawkins Cookers Limited,Cookie Cutter,Dehydrator ,Mandolines,,,Cardamom Whole,Blint,Mornay Sauce
Sunbeam CG,,Foundue Fountain,Scales,,,Cassia,Oladi,Hollandaise
SousVide Supreme,,Broiler,,,,Cassia Bark,Waffles,Mayonnaise
Dacor,,Pressure Oven,,,,Cayenne Pepper,Pancakes,Veloute
George Foreman Grill,,Rotisserie ,,,,Celery Leaf,Syrniki,Bordelaise Sauce
God-Grilla,,Keg,,,,Celery Salt,Angel Food Cake,Chasseur Sauce
Ronco,,Wine Cellar,,,,Celery Seed,Ladyfinger,Chateaubriand Sauce
Rayburn Range,,Food Steamer,,,,Chamomile,Linzer Torte,mustard
Parkinson Cowan,,,,,,Chervil,Mandeleine,Miso
Weber-Stephen Products,,,,,,Chicken Seasoning,Meringue,Aioli
Wurttembergische Metallware,,,,,,Chilli Crushed,Marble Cake,Cranberry sauce
Bayes,,,,,,Chilli Ground,Bundt Cake,Worcestershire sauce
Berard,,,,,,Chilli Pepper,Cake pop,Salsa Verde
Bialetti,,,,,,Chillies Whole,Pavlova,Hummus
Bisbell,,,,,,China Star,Pound Cake,
Bodum,,,,,,Chinese 5 Spice,Cassata,
Charcoal Companion,,,,,,Chives,Chiffon Cake,
Chicago Metallic,,,,,,Cinnamon Bark,Cupcake,
Circulon,,,,,,Cinnamon Ground,Tiramisu,
Cole & Mason,,,,,,Cinnamon Powder,Gingerbread,
Cuisipro,,,,,,Cinnamon Sticks,Soup,
Drosselmeyer,,,,,,Cloves Ground,Sushi,
Duralex,,,,,,Cloves Whole,Tapas,
Enclume,,,,,,Colombo Powder,Tea,
Epicurean,,,,,,Coriander Ground,Bread,
Farberware,,,,,,Coriander Leaf,Pasta,
Fissler,,,,,,Coriander Seed,Risotto,
Fortessa,,,,,,Creole Seasoning,Curry,
Harold Import,,,,,,Cumin Ground,Pastries,
Hurom,,,,,,Cumin Seed,Pizza,
KAF Home,,,,,,Cumin Seed Black,Roast,
Kitchen Grips,,,,,,Cumin Seed Royal,Wraps,
Lekue,,,,,,Curly Leaf Parsley,Stew,
Mauviel,,,,,,Curry Chinese,Chicken,
NordicWare,,,,,,Curry Hot,Mains,
Mu Kitchen,,,,,,Curry Leaves,Fish,
Norpro,,,,,,Curry Madras Medium,Beef,
Oxo,,,,,,Curry Mild,Chilli,
Prepara,,,,,,Curry Thai Green,Jam,
R&M,,,,,,Curry Thai Red,Gravy,
Reston Lloyd,,,,,,Dhansak Spice Mix,Pickle,
Roland,,,,,,Dill Herb,Steak ,
Rosle,,,,,,Dill Leaf,Burger,
Schmidt Bros,,,,,,Dill Seed,Meatloaf,
Schott Zwiesel,,,,,,Fajita Seasoning,Fries,
Silpat,,,,,,Fennel Seed,Casseroles,
Smart Planet,,,,,,Fenugreek Ground,Stir-Fry,
Strahl,,,,,,Fenugreek Leaf,Quiche,
Tovolo,,,,,,Fenugreek Seed,Meatballs,
Vic Firth,,,,,,Fines Herbes,Kabobs,
Vinturi,,,,,,Fish Seasoning,Lasagna,
Waring Pro,,,,,,Five Spice Mix,Ziti,
Zoku,,,,,,French Lavender,Stroganoff,
Zyliss,,,,,,Galangal Ground,Omelet,
Omega,,,,,,Garam Masala,Frittata,
Pyrex,,,,,,Garlic Chips,Parfait,
Presto,,,,,,Garlic Granules,Oatmeal,
Wilton,,,,,,Garlic Powder,Muffins,
Sur La Table,,,,,,Garlic Salt,Deviled Eggs,
Chilewich,,,,,,German Chamomile,matzo ball,
De'Longhi,,,,,,Ginger Root,Guacamole,
Demeyere,,,,,,Ginger Ground,Ratatouille,
Bob Kramer,,,,,,Green Cardamom,Noodles,
Jura,,,,,,Herbes de Provence,Potluck,
Miyabi,,,,,,Jalfrezi Curry Powder,Toast,
Nespresso,,,,,,Jalfrezi Mix,Mashed Potatoes,
Revol,,,,,,Jerk Seasoning,Tartine,
Scanpan,,,,,,Juniper Berries,Pilaf,
,,,,,,Kaffir Leaves,Dumplings,
Staub,,,,,,Korma Curry Powder,Orzo,
Victorinox,,,,,,Korma Mix,Cous Cous,
Bormioli,,,,,,Lamb Seasoning,Paella,
Kenmore,,,,,,Lavender,Naan,
WhirlPool,,,,,,Lemon Grass,tortilla,
Frigidaire,,,,,,Lemon Grass Chopped,Sope,
Electrolux,,,,,,Lemon Pepper,Fajitas,
Maytag,,,,,,Lime Leaves,Torta,
Chefmate,,,,,,Lime Leaves Ground,Shrimp Cocktail,
T-fal,,,,,,Liquorice Root,Burrito,
Anchor Hocking,,,,,,Mace Ground,Quesadilla,
Hampton Forge,,,,,,Mace Whole,Bagels,
IMUSA,,,,,,Mango Powder,Crepes,
Oster,,,,,,Marjoram,Dim Sum,
Pedrini,,,,,,Methi,Frozen Yogurt,
Magic Bullet,,,,,,Methi Leaves,Hot Dog,
,,,,,,Mexican Salsa Mix,Ramen,
,,,,,,Mint,Chimichanga,
,,,,,,Mixed Herbs,Tostadas,
,,,,,,Mixed Spice,Flan,
,,,,,,Mulled Cider Spices,Cornbread,
,,,,,,Mulled Wine Spices,Ceviche,
,,,,,,Mustard Powder,Mac and Cheese,
,,,,,,Mustard Seed,Taquitos,
,,,,,,Nigella,Papusa ,
,,,,,,Nutmeg Ground,Shrimp ,
,,,,,,Nutmeg Whole,sashimi,
,,,,,,Onion Seed,Bruschetta ,
,,,,,,Orange Zest,Pot Pie,
,,,,,,Oregano,Chowder,
,,,,,,Paella Seasoning,,
,,,,,,Paprika,,
,,,,,,Paprika Hungarian,,
,,,,,,Paprika Smoked,,
,,,,,,Parsley,,
,,,,,,Parsley Flat Leaf,,
,,,,,,Pepper Black Coarse,,
,,,,,,Pepper Black Ground,,
,,,,,,Pepper White Ground,,
,,,,,,Peppercorns Black,,
,,,,,,Peppercorns Cracked Black,,
,,,,,,Peppercorns Green,,
,,,,,,Peppercorns Mixed,,
,,,,,,Peppercorns Pink,,
,,,,,,Peppercorns Szechwan,,
,,,,,,Peppercorns White,,
,,,,,,Pickling Spice,,
,,,,,,Pimento Berries,,
,,,,,,Pimento Ground,,
,,,,,,Piri Piri Seasoning,,
,,,,,,Pizza Topping Mix,,
,,,,,,Poppy Seed,,
,,,,,,Pot Marjoram,,
,,,,,,Poudre de Colombo,,
,,,,,,Ras-el-Hanout,,
,,,,,,Rice Paper,,
,,,,,,Rogan Josh Curry Powder,,
,,,,,,Rogan Josh Mix,,
,,,,,,Rose Baie,,
,,,,,,Saffron,,
,,,,,,Sea Salt Coarse,,
,,,,,,Seasoning Salt,,
,,,,,,Self Adhesive Spice Labels,,
,,,,,,Sesame Seed,,
,,,,,,Spice Charts,,
,,,,,,Steak Seasoning,,
,,,,,,Sumac Ground,,
,,,,,,Sweet Basil,,
,,,,,,Sweet Laurel,,
,,,,,,Tagine Seasoning,,
,,,,,,Tandoori Masala,,
,,,,,,Tandoori Mix,,
,,,,,,Tarragon,,
,,,,,,Thai Creen Curry Mix,,
,,,,,,Thai Red Curry Mix,,
,,,,,,Thai Stir Fry,,
,,,,,,Thyme,,
,,,,,,Tikka Masala,,
,,,,,,Tikka Masala Curry Powder,,
,,,,,,Turmeric,,
,,,,,,Turmeric Powder,,
,,,,,,Vanilla Bean,,
,,,,,,Vanilla Pods,,
,,,,,,Vegetable Seasoning,,
,,,,,,Zahtar Spice Mix,,