Problem,Blog Name,URL,Person's Name,Location,Source,Description
,Point Lace,http://www.point-lace.blogspot.com/,Priyanka,"Ahemdabad, India",http://www.in-fb.com/p/infb-directory.html,"fashion designer by profession and fashion writer , stylist and curator by interest i believe do not trouble yourself to get new things be it clothes or friends...give away your clothes and keep your thoughts.If this is what you also believe in i would love to hear from you."
,Earthen Weaves,http://earthenweaves.blogspot.in/?view=classic,Heli,"Ahemdabad, India",http://www.in-fb.com/p/infb-directory.html,"Everyone has a Sunday routine, we had too. Once in a month we would set out to the nearby mall, shop, have a hearty family meal and a heartier dessert and then back to the alley with sweet memories. The Sunday rush, traffic and the scorching heat made this routine more tedious than it being enjoyable. The world was getting caught in the fire of online shopping and due to all the convenience it was offering, we could not resist it too. Soon the routine changed to sitting down together, sharing a pint of ice cream and looking for the best deals available. Online shopping helps you get the best of deals but also tempts you to buy more than what you need. Also, going through all the sites to compare or to pick different stuff from different sites is sometimes confusing and sometimes irritating. So this Sunday routine of ours was also jinxed. There had to be something that would solve our woes, right? Roposo.com is our savior this time. This site is a platform where you can browse through the products from all the leading websites that deliver products to India. Roposo.com allows you to go through the carefully curated products from all the sites available. Whats more amazing is that the prices on this site are updated simultaneously with that of the vendor site. Though you might think that browsing through millions of products is difficult and tedious, their amazing filtering option is your answer. If you are looking for cat eye sunglasses, in the range of Rs. 1000-1500, in brown color, it will make this process seem like a cakewalk for you."
,Fit as Fiddle,http://www.meghasarin.com/,Megha Sarin,"Amritsar, India",http://www.in-fb.com/p/infb-directory.html,Freelance writer. Style Consultant. Fitness freak. Health junkie. Shopping maniac. Avid reader. MakeUp Geek. Movie buff. People person. Passionate lover. Web Explorer. I nurture a passion for writing. My intriguing love for fashion keeps growing and I can be a dictator of taste. Contact me at meghasarin.1111@gmail.com
,Chic-ilicious,http://chic-ilicious.blogspot.in/,Kavita,"Assam, India",http://www.in-fb.com/p/infb-directory.html,"I'm quite a candid person and I hate those toffee-nosed people. A wonderful friend to friends and nothing less than a virago to enemies (strong believer of tit-for-tat business). My friends say that I have a wonderful sense of humour. I just love playing pranks on people and also have a strong liking for cracking jokes. I like being around people who have a unique gift of humour. I think it's a boon. I always want to see my dudes going tee-hee over things. I love cheerful people and am cheerful myself too. I like intelligent and well spoken people around me, the kinds who respect others."
,Anusha Outfitter,http://anusha-outfitter.blogspot.in/,Anusha Outfitter,"Bengaluru , India",http://www.in-fb.com/p/infb-directory.html,Thank you for stopping by! Please join this blog to read and share tips on anything fashion/beauty related. My email: anusra@gmail.com
,Beluxed Fashion,http://beluxedfashion.blogspot.in/,beluxedfashion,"Bengaluru , India",http://www.in-fb.com/p/infb-directory.html,"Hey people, It's been so long but it feels like home :-) As we may have mentioned earlier, we have been really busy with  developing our platform http://swapzaar.com/ and we are happy to say we are sort of ready to share it with our first set of potential customers (all strangers) for real life feedback- and we kid you not, it's scary as hell! We had our first focus group session last Saturday. Humble beginnings, but the feedback was positive (we also got lots of ideas for product features and improvements), it was fun"
,Bindigasm,http://bindigasm.blogspot.in/,Pranita,"Bengaluru , India",http://www.in-fb.com/p/infb-directory.html,"A fashion and textile graduate from NIFT, currently working as a designer for major formal menswear brands in Bangalore. Female. 22. A passionate writer, geeky shopper, vagabond surfer, dislikes chess for no reason and one of the many purposes of my life is to have my own shoe library one day."
Name Missing,Fashion Bangalore,http://www.fashionbangalore.com/,,"Bengaluru , India",http://www.in-fb.com/p/infb-directory.html,Fashion Bangalore is a part of Adheeth Inc which aims to serve as a unique fashion event aggregator / initiator for the city of bangalore. We aim to bring all information of Fashion related events of the garden city under Fashionbangalore.com
,For The Love Of Fashion And Other Things,http://www.ftlofaot.com/,Shreya Kalra,"Bengaluru , India",http://www.in-fb.com/p/infb-directory.html,"FTLOFAOT is an exhaustive compilation of my experiments with fashion and all that it encompasses. This includes my love for fashion, styling, make up and a lot of other creative avenues. The 'Other things' in the blog title indicates the other facets of my existence which I put across on the blog which includes my love for food, books, travel, writing and other such. This is my attempt to jubilate and laud fashion, from my perception. So kick up your heels ladies, and I hope you enjoy my work as much as I do dishing it all out for you."
,Jahn 'n Style,http://jahn18.blogspot.com/,Jahn,"Bengaluru , India",http://www.in-fb.com/p/infb-directory.html,"Hi there, I‚Äôm Jahn and welcome to ‚ÄúJahn 'n Style‚Äù. I live in Chennai with my better half and work for an MNC as an IT Professional. This blog is a medium to share and explore my ideas and experiences. As the name suggests, in this blog you can expect anything that is associated with style; from food to fashion, travel to photography‚Ä¶‚Ä¶"
,Namrata-Noted,http://namrata-noted.blogspot.in/,namrata patel,"Bengaluru , India",http://www.in-fb.com/p/infb-directory.html,"I'm back with my first style post of the year! Umm.. its actually half the style post (long story)! Any-hoo if someone asked me whats my best purchase this year, I'd say its this floral bomber jacket. I want to wear it every where, to work, drinks after and to the gym.. just joking. But I absolutely love how it fits and its pretty lightweight, perfect for the weather right now. I love the hues and shades of the blues and I'm an absolute sucker for floral prints. I do intend to do another style post with this beauty as I feel this doesn't quite do justice to it, so till then think of this as an intro."
,Pen Twister,http://pen-twister.blogspot.in/,Nikita Agarwal,"Bengaluru , India",http://www.in-fb.com/p/infb-directory.html,"My love for fabrics and tailor made outfits cannot be replaced by any Brand or readymade garments. Going to market and getting lost in finding of that perfect colour, shade and print has always fascinated me. More than the fabric, the thought process that is involved in designing a dress is what I like. No! No! I am not a designer, just like to play around."
,Stilettos Diary,http://www.stilettosdiary.com/,Megha Varshini,"Bengaluru , India",http://www.in-fb.com/p/infb-directory.html,"I am 26 years old from Bangalore, India.Founder/Writer of Indian Fashion and Style Blog for people on a Budget - Stilettos Diary. Indian fashion and style blog for people on a budget! Its your pit stop for all queries related to affordable fashion, style tips, street fashion, designer collaborations and product reviews. We all want to look good and deserve to look good even though we are shopping on a budget!"
,Style Inked,http://styleinked.com/,Manvi Gandotra,"Bengaluru , India",http://www.in-fb.com/p/infb-directory.html,"Style Inked is your guide to personal fashion written by Manvi Gandotra. Read on and get the latest fashion ideas, tips, DIYs, how-tos and more. Manvi Gandotra is a Fashion Designer with years of experience designing for the boutique run by her family. She started this blog to make fashion more accessible to women and for Style Inked to be a single source of immediate useful information for her readers. She hopes you enjoy reading her blog as much as she enjoys writing it"
,Stylish By Nature,http://www.stylishbynature.com/,Shalini Chopra,"Bengaluru , India",http://www.in-fb.com/p/infb-directory.html,"I am Shalini Chopra, a fashion, style and beauty blogger, from Bangalore, India. I buy in luxury boutiques but also in casual stores. My goal is to show you how we can be beautiful, trendy, stylish in every sense, pondering the purchase according to the latest trends of the moment ! I hope to be a source of inspiration for everyone who likes fashion and those who want to embrace this world."
Name Missing,The Green Matter,http://thegreenmatter.blogspot.in/,,"Bengaluru , India",http://www.in-fb.com/p/infb-directory.html,"So you want to do your bit for the environment and have heard of this Eco-Fashion, but just what is it? For starters, it goes well beyond making your own clothes, or in the case of Kate Middleton, even recycling them. At its heart, eco fashion is about clothes that are made without harming the environment."
,The Sonshu,http://www.thesonshu.com/,Sonshu Iyengar,"Bengaluru , India",http://www.in-fb.com/p/infb-directory.html,"Your fat fashion blogger from Bangalore exploring the world with words and fashion. Sonaksha Iyengar is fat, she‚Äôs going to talk about it every now and then - acceptance and self love and all. Who said fat people can‚Äôt wear crop tops or stripes?"
,Yogitha Ramamoorthy,http://www.yogitharamamoorthy.blogspot.com/,Yogitha Ramamoorthy,"Bengaluru , India",http://www.in-fb.com/p/infb-directory.html,"Welcome to my blog!I am a fashion designer/ writer/ stylist and a choreographer - been in this industry for the past couple of years. I just prefer to put my views out there on fashion and styling. If you enjoy my posts, please spread it around ‚Äì it would be great if you did. And of course, please do leave your comments. Enjoy!"
,FUSS,http://fuss.co.in/,Rhea Gupte,"Bengaluru , India",http://www.in-fb.com/p/infb-directory.html,"Take a plunge into the fashionable world of FUSS where fashion is a way of expression, rules don‚Äôt exist but proportions matter and black is always a good idea. FUSS (Fashion Unzipped | Street Style) is a personal style blog of Rhea Gupte where she creates an online visual diary of her every day style and documents her taste in clothing, accessories and beauty."
,Fashion Quotient,http://www.fashionquotient.in/,Lipsy,"Bilaspur  , India",http://www.in-fb.com/p/infb-directory.html,"I am Lipsy , the voice behind Fashion Quotient, where I like to chit-chat about all random things in life, but mostly about outfits, a little bit of inspirations, all time obsessions and an assortment of things in between‚Ä¶‚Ä¶ all these while being a momma, all time!!"
,Adithi's Amma Sews,http://www.adithisammasews.com/,Lakshmi Rajesh,"Chennai , India",http://www.in-fb.com/p/infb-directory.html,"Hi ... I am back. Yes its been more than 2 months since i posted last. These two months had been quite a remarkable time to say the least. Month of December , meant vacation and i had dreamt of concentrating on having own online site and it would mean having a sample line of collection. Lot of designs in mind, wanted to rejuvenate myself, went for a book exhibition and got loads of them and did what i love to do, read all night, its been almost a decade since i last did that !"
,Fashion Panache,http://fashion.bhushavali.com/,Bhushavali,"Chennai , India",http://www.in-fb.com/p/infb-directory.html,"I'm Bhushavali and this blog of mine, Fashion Panache is majorly an OOTD blog. Before I started my blog, there were some amazing garments that I had or made when I was in school or college, and later on realized I don't even have any pic with those outfits, and the garment was already gone. Then I began clicking pictures everyday before office or so, and soon thought I'll share them with the world and so begun Fashion Panache! My personal style is fusing Indian and Western styles with quirky sense of fashion! My outfits posts are bursts of color, handmade stuff, and a mix of brands (my own as well as others), thrifted stuff, some DIY etc... - See more at: http://fashion.bhushavali.com/p/indian-fashion-blogger.html#sthash.LGgIsL5J.dpuf"
,Trimmings and Lace,http://trimmingsandlace.blogspot.in/,Agam,"Chandigarh , India",http://www.in-fb.com/p/infb-directory.html,"TrimmingsAndLace is an expression of personal style, evolving into a multi-dimensional, creative pursuit of style and grace."
,And the rest is history,http://jiisha.blogspot.in/,Isha,"Delhi , India",http://www.in-fb.com/p/infb-directory.html,Tall.Ambitious.Dreamy eyed journalist.I hope someday my name would be enough to describe me.
Server Not Found,An Indian Wardrobe,http://blog.anindianwardrobe.com/,,"Delhi , India",http://www.in-fb.com/p/infb-directory.html,
,Akanksha Redhu,http://akanksharedhu.com/,Akanksha,"Delhi , India",http://www.in-fb.com/p/infb-directory.html,"Hey! I‚Äôm Akanksha. I love day dreaming and when I‚Äôm not doing that I try to blog, make accessories for my Label  { C I R A R E }, spread some love and squeeze in a workout somewhere in there!"
Server Not Found,All Things Sixx,http://www.allthingssixx.com/,,"Delhi , India",http://www.in-fb.com/p/infb-directory.html,
,Bling Struck,http://www.aishwaryakhanna.net/,Aishwarya Khanna,"Delhi , India",http://www.in-fb.com/p/infb-directory.html,"Aishwarya Khanna, 16, Student from New Delhi, India. I'm another Teenager on the ""Fashion Bloggers' "" block, ready to take the world. I'm pretty precise with words so let's get this straight, Christian Louboutin owns the world with his booties and I plan on owning 5 pairs of Loubies by the time I turn 20. I play football, FCBarcelona is my life and Messi is my babe."
,Confessions of a Closet ,http://confessionzofacloset.blogspot.com/,Shaily Khera,"Delhi , India",http://www.in-fb.com/p/infb-directory.html,I am Shaily Khera.. a Fashion Enthusiast..now perusing M.Sc. In Fashion and Technology . This Blog focuses on My Personal Style and Indian Street & Vintage Style.
,Colorific,http://colorific.in/,Akshita Jain,"Delhi , India",http://www.in-fb.com/p/infb-directory.html,"The world is a beautiful canvas with myriad colours. Colorific India is our initiative to get all that is dazzling in colours for you. Colours are quintessential to discover the true essence of this big wide world. And we offer you a kaleidoscopic view of all that is resplendent and new. We aim to capture every colour that is in vogue; the colour you wear, the colour you carry, the colour you see and anything colourful that can be. So, wear the psychedelic spectacle and view the vibrant world of colors at Colorific India. It is all about celebrating colours. - See more at: http://colorific.in/about/#sthash.zNyqpa7E.dpuf"
,Delhi Daily Fashion,http://www.delhidailyfashion.blogspot.in/,Smaug,"Delhi , India",http://www.in-fb.com/p/infb-directory.html,"I'm a 30 something reformed architect interested in everything design related. This blog is in parts an exploration of my current style and a way to evolve to make it better than ever. If you like what you see or even if you don't, leave me a message!"
,Delhi Style Blog,http://www.delhistyleblog.com/,Dimpy Kapur,"Delhi , India",http://www.in-fb.com/p/infb-directory.html,"Welcome to Delhi Style Blog.We are Dimpy Kapur and Shima Ahmad, ex work colleagues, friends always :) Dimpy is the Illustrator,Stylist and Content Creator, while Shima is the Photographer (Canon5D Mark 3) and Art Director of this blog. We both share common passions for travelling (we are the lucky ones that have actually gone around the world a 100 times!), pretty things, fashion mags,shiny objects (duh! we are girls), music (has to be playing at all times) animals and flowers :D Individually we are very different as you are going to find out gradually, but it is our different abilities that made this blog happen. Fashion is seasonal, but style is a personal statement and this blog chronicles the world as we see it from the eyes of two globetrotting Delhiites."
,Designer Purushu,http://www.purushu.com/,Purushu Arie,"Delhi , India",http://www.in-fb.com/p/infb-directory.html,"Purushu Arie is the pen name of R V Purusothaman, a fashion designer who is presently based in Mumbai. The blog was created in 2009 in order to record my journey as a fashion design student while studying at NIFT New Delhi."
,Dreaming of Gucci,http://dreamingofgucci.blogspot.in/,Amit Anand,"Delhi , India",http://www.in-fb.com/p/infb-directory.html,"Hello all! I am sorry for being off from blogging for longgggggggg..Been busy with loads of stuff. Very soon, I personally and professionally will be making a BIG ANNOUNCEMENT. Hope to have all my dear readers still hanging in there. There is lot more coming on this blog :-) It's just going through a phase while it developes and transitions into something different :-"
,Fashion Apprentice,http://anupam-fashionapprentice.blogspot.in/,ANUPAM,"Delhi , India",http://www.in-fb.com/p/infb-directory.html,"I am law grad, and an aspiring lifestyle journalist"
,Fashion Brigade,http://magicbridalkits.blogspot.in/,Ojasvee,"Delhi , India",http://www.in-fb.com/p/infb-directory.html,"Hi, I'm Ojasvee, a dreamer, and a believer that fairy tales, dreams,fantasies do come true only if ou strive enough to acheive them and keep up your faith in God."
Name Missing,Fashion Confessions,http://conspiredbyfashion.wordpress.com/,,"Delhi , India",http://www.in-fb.com/p/infb-directory.html,"Primark may not be the best bet to get quality goods from but is a sure shot place to pick up some bargains!On a sunny afternoon, strolling through Oxford Street, S picked up this cobalt blue knit skater skirt from the brand‚Äôs outlet for a measly ¬£1"
,Fashion Follows Abem,http://fashionfollowsabem.blogspot.com/,pooja elangbam,"Delhi , India",http://www.in-fb.com/p/infb-directory.html,"Documenting my experiments with fashion, poetry and everything that manages to steal my heart."
,Fashion 4 Us,http://fshn4us.blogspot.in/,Priyanka Dhir,"Delhi , India",http://www.in-fb.com/p/infb-directory.html,"Fashion shows the world who we are. Get to know about the latest trends , styles and solve your daily fashion woes here ! :)"
,Goofy Goober,http://jitterbug-r.blogspot.com/,Rinchen Ongmu Bhutia,"Delhi , India",http://www.in-fb.com/p/infb-directory.html,I tend to take pictures of everything. Full-time student of Economics.Currently battling my obsession with analog/film photography.
Name Missing,HeadTilt,http://headtilt.in/,,"Delhi , India",http://www.in-fb.com/p/infb-directory.html,"With creativity becoming a contemporary lifestyle, it‚Äôs an exciting time to be involved in sharing what stimulates your creative juices, especially in a country like India. And the need to record such a zeitgeist is what powers the creation of such tools to document the era."
,Its Not Just Fashion,http://sindhugupta.blogspot.in/,Sindhu Gupta,"Delhi , India",http://www.in-fb.com/p/infb-directory.html,"I am Sindhu Gupta, a 21 year old graduate from SRCC, Delhi. I am a travel lover and a fashion enthusiast. I am a talkative person. I can ramble about any random thing. I am not from a fashion background, but intend to pursue my profession in fashion. I wont call myself a FASHION BLOGGER yet. For now I am a style and lifestyle blogger.If you need a stylist or a personal shopper you are at the right place. Also if you want me to write for you, I would be happy to do that too. I am loving every part of blogging. Its the way I connect to the world who have the same interest as mine. I dream big and believe in perfection. A true 'VIRGO'. Currently I am in Hyderabad, India."
,Kalapalette,http://www.kalapalette.com/,Apurv,"Delhi , India",http://www.in-fb.com/p/infb-directory.html,"Shopping is every girl‚Äôs addiction. Period! While men think that shopping is leisure for us, it‚Äôs no nirvana as it seems to be. Imagine the challenge of putting up one look which is in the current trend, matches your personal style, is comfortable for you to wear and will be worth the money(bargains) you will be sweating up to invest in. Not to forget the hours of store hops (even if it‚Äôs virtual), going through thousands of options available and managing to find out exactly what you have been looking for. Get it?"
,Labels & Love,http://mmlabelsandlove.blogspot.com/,Manvi Mittal,"Delhi , India",http://www.in-fb.com/p/infb-directory.html,"While dealing with problems, we often have to look beyond the usual to resolve them. This isn‚Äôt always easy and can be quite time consuming. As most people, I too have faced challenges in my seventeen years of life. Nevertheless, I have discovered that analysis and creativity both play a key role in determining answers."
,Live Love Dressup,http://livelovedressup.blogspot.com/,Rukman,"Delhi , India",http://www.in-fb.com/p/infb-directory.html,"I love life, I love love and I LOVE to dress up!!! I'm a fashion management student and like every other girl I love dressing up and having some fun with what's inside my closet. This is my personal style blog, with my orignal outfit creations, inspired from here-there and everywhere; from the runways to the streets! I just wanna share with you what I love myself...so come along and have some fun with me :) So, What did you put on this morning?"
,Little Joy,http://www.littlejoy-nikki.blogspot.in/,Nikki,"Delhi , India",http://www.in-fb.com/p/infb-directory.html,"I know its been long and i have wasted a lot of time but i had studies to do,New subjects you see.But,since i aint a nerd,i did take out some time for an outfit post :D So here it is,hope you like it :)"
,Look Who's Wearing,http://www.lookwhoswearing.com/,Gayatri,"Delhi , India",http://www.in-fb.com/p/infb-directory.html,This is me. And this is probably the only time I'll appear on the blog unless there is an outfit I really want to share. I prefer being behind the camera rather than before it.
Blog not found,Makeup-Friendly ,http://www.makeupfriendly.blogspot.com/,,"Delhi , India",http://www.in-fb.com/p/infb-directory.html,"
"
Name Missing,M.U.S.E.,http://musemeustyledforeternity.blogspot.in/,,"Delhi , India",http://www.in-fb.com/p/infb-directory.html,"Hey its me B :) Have been longing to do this for long but could'nt wait any longer . I Promise to make it as exciting as possible but can't without valuable feedback & required appreciation .Bear with the usual rantings & I Look forward for having engaging discussions on the varied hot topics and the little things we Fancy :) Stay with me is all I can say . Favorite quote: If Loving FASHION is crime , I plead GUILTY !"
,Music Photography Fashion,http://musicphotographyfashion.blogspot.in/,Deepika Gill,"Delhi , India",http://www.in-fb.com/p/infb-directory.html,"""A music lover, an amateur photographer and a fashion admirer"" that's what describes me the best. Except that I am an accessory designer with my designs selling under a label called ""Deepika Designs"" a.k.a DD"
,My Unfinished Life,http://www.myunfinishedlife.com/,Sarkar Sushmita,"Delhi , India",http://www.in-fb.com/p/infb-directory.html,"I am a traveler, writer, photographer, foodie, fashion fanatic and a shopaholic. I share experiences from my life here and hope people find I am a traveler, writer, photographer, foodie, fashion fanatic and a shopaholic. I share experiences from my life here and hope people find them as exciting as I do"
,Neha Kapil Pathak,http://nehasdomain1.blogspot.com/,NEHA KHURANA PATHAK,"Delhi , India",http://www.in-fb.com/p/infb-directory.html,I would like to Introduce myself as Neha Kapil Pathak.My services are exclusively designed for women.I organise personalised shopping trips for Indians as well as foreign nationals new to the city of New Delhi and Mumbainehasdomain1@yahoo.co
Name Missing,Peaches and Blush,http://www.peachesandblush.com/,,"Delhi , India",http://www.in-fb.com/p/infb-directory.html,"Peaches & Blush started in 2011 as an Indian beauty and makeup blog, but over the course of two years has become one of the most popular online portals focusing on Indian beauty, fashion and Indian brides! At Peaches & Blush we aim to create a super fun, informative, and super addictive space that you will want to come back to everyday (Just make sure your boss doesn‚Äôt catch you at it- Yes,P&B can be quite a distraction). Since it is customary to ‚Äòshow off‚Äô in the ‚ÄòAbout Me‚Äô section, here are a few places where you would have spotted us."
,Roses et epines,http://lacegrasshues.wordpress.com/,anupriya dutta,"Delhi , India",http://www.in-fb.com/p/infb-directory.html,Lace Grass Hues is my single independent project which I have carried out for four years and dutifully pursued it. The venture started out in the summer of 2010 when I first laid my hands on an actual international Vogue and thus my love for fashion blossomed (or revived). Ever since I have changed this blog‚Äôs content and theme but tried to keep the originality as the main object. I am also a fashion writer and you can check out on the work+ features page!
,Sayanti,http://sayanti.wordpress.com/,Sayanti,"Delhi , India",http://www.in-fb.com/p/infb-directory.html,"Hi. I am a 21 year old girl from Kolkata, currently studying in NIFT, New Delhi. An aspiring fashion designer, I like to create garments, artworks and derive inspiration from everyday incidents,places and things"
Error 404,Secretly Stylish,http://www.nidhii.com/,,"Delhi , India",http://www.in-fb.com/p/infb-directory.html,"
"
,Serenpenditybyswatir,http://serendipitybyswatir.wordpress.com/,Swati Rastogi,"Delhi , India",http://www.in-fb.com/p/infb-directory.html,"Here I am welcoming myself to the world of blogs this time not as a reader but a BLOGGER! Yuupiiiieee!!!! After an extensive research I finally made a blog!PHEW!! :) I am Swati from Delhi, India. I was an avid reader of many beauty blogs and that‚Äôs when I decided to have my own blog. Though I don‚Äôt want to limit my blog to makeup only, I will rather love to talk about everything that comes to my mind.Everything I would talk about will have my personal opinion attached to it‚Ä¶ well who doesn‚Äôt want to speak their mind"
,Sheena Fab,http://sheenafab.com/wp/,Sheena Sherwani,"Delhi , India",http://www.in-fb.com/p/infb-directory.html,"Im Sheena Sherwani an entrepreneur, Designer, fashiono-holic, writer‚Ä¶ A heart that desires to express all that emanates happiness and beauty."
Name Missing,Skin and Health Care,http://dr-geetika-mittal-gupta.blogspot.in/,,"Delhi , India",http://www.in-fb.com/p/infb-directory.html,"Acne is the commonest skin disorder across the world and affects men and women across all ages and skin types. The process leading to acne involves entrapment of excess keratin and sebum in the hair follicles in skin. This debris may further get infected by skin bacteria, transforming the open and closed comedones (blackheads and whiteheads) to active acne (pimples, nodules and cysts). Left untreated, acne may leave permanent scars, pits and pigmentation. Thus it is imperative to treat it at the earliest."
,Style Fashion Etc.,http://www.stylefashionetc.in/,Srish,"Delhi , India",http://www.in-fb.com/p/infb-directory.html,www.stylefashionetc.in
Error 404,The Aili,http://www.theaili.com/,,"Delhi , India",http://www.in-fb.com/p/infb-directory.html,"
"
,The Delhi Fashion Blogger,http://www.thedelhifashionblogger.com/,Komal,"Delhi , India",http://www.in-fb.com/p/infb-directory.html,"Pretty women wonder where my secret lies. I'm not cute or built to suit a fashion model's size But when I start to tell them, They think I'm telling lies. I say, It's in the reach of my arms The span of my hips,The stride of my step,The curl of my lips. I'm a woman Phenomenally. Phenomenal woman, That's me"" - Phenomenal Woman by Maya Angelou ."
Name missing,The Golden Journal,http://thegoldenjournalblog.wordpress.com/,,"Delhi , India",http://www.in-fb.com/p/infb-directory.html,"I‚Äôm a 20-something from Delhi, India. The Golden Journal is my first blog born out of the need for a creative outlet and my love for luxury and fashion. I will try my best to make it a treat for those who share my passion of the two and also for those who would like to know more about things that spoil us"
,The Fashion Flite,http://www.thefashionflite.com/,surbhisuri,"Delhi , India",http://www.in-fb.com/p/infb-directory.html,Delhi fashion blogger Fashion Shopping n makeup hooked Sometimes moronicüò¨ Read more at http://web.stagram.com/n/surbhisuri/#UCzqwfKgrYOdLOx3.99
Not Found,The Fierce Pajamas,http://thefiercepajamas.tumblr.com/,,"Delhi , India",http://www.in-fb.com/p/infb-directory.html,"
"
,The Shopaholic Diaries,http://www.theshopaholic-diaries.com/,Nitika Bhatia,"Delhi , India",http://www.in-fb.com/p/infb-directory.html,Indian Fashion Blogger - www.theshopaholic-diaries.com Working as a Content ( +Social Media ) Developer
,Trendy Mannequin,http://www.trendymannequin.blogspot.in/,Shweghna Gursahaney,"Delhi , India",http://www.in-fb.com/p/infb-directory.html,"Living in the hep town Delhi of India, I'm Shweghna Gursahaney, 16 years old presenting before you the style tips, fashion techniques, D.I.Y's, very rarely make-up tips etc. My blog reflects the ideas and thinking of an Indian girl who believes there's fashion in every little thing. Have fun exploring. XOXO Shweghna"
,Vanity No Apologies,http://www.vanitynoapologies.com/,Anshita,"Delhi , India",http://www.in-fb.com/p/infb-directory.html,"I‚Äôm Anshita from Delhi and I‚Äôm the Founder and Editor of this Indian beauty blog. I started this blog in 2010 while doing my Bachelors in Business Economics (BBE) from Delhi University. In these 3years I‚Äôve taken vanitynoapologies.com (aka VNA) from just another blog to one of India‚Äôs best beauty blogs. Currently I‚Äôm pursuing my MBA but my love for all things beauty, makeup, fashion and bridal keeps on growing. While I juggle with various HR and Marketing theories (which are meh if you ask me!) in the college during the day, I work during the nights to take VNA to even greater heights."
Name Missing,"What's cookin, goodlookin!",http://www.whatscookinggoodlookin.com/,,"Delhi , India",http://www.in-fb.com/p/infb-directory.html,What's Cooking Goodlookin!? (The Goodlookin Blog) A project in the exploration of creativity. {People. Style. Food. Travel. Design}
Blog not found,Little Drama Queen,http://littledramaquen.blogspot.in/,,"Goa , India",http://www.in-fb.com/p/infb-directory.html,"
"
,Be Me,http://www.kavyabali.com/,Kavya Bali,"Hyderabad , India",http://www.in-fb.com/p/infb-directory.html,"Hi, My name is Kavya Bali and im the blogger who started 'Be Me'. This blog was mainly my place to vent out my creativity and fervor for fashion. Being the first fashion blogger in my city definitely gives me an unfathomable high~ I have always been inspired by fashion and its perfect juxtapositions. I opine that a persons dressing sense articulates who they really are. I believe Fashion changed me spiritually. You know you love yourself when you put in that extra effort to look good, it gives you that extra glow. I envelope myself in different styles and trends but in the end what stands out in them is ME. And thats how ""Be Me"" spawned~ Wearing my soul on my sleeve, I share my effervescent moments with fashion in myriad ways :)"
,Beauty Never Dates,http://www.beautyneverdates.com/,Muzyna,"Hyderabad , India",http://www.in-fb.com/p/infb-directory.html,"My name is Muzyna and my Lovely twin Madeeha - Arab-Indian Beauty bloggers and the girliest gurls on the planet .Beautyneverdates is all about tips and tricks on makeup , skin care ,Jewelry ,fashion and randomness By twinsez @Muzyna_N and@madeehanaqeeb."
Permission Denied,Confessions of the IT Fashionista,https://www.blogger.com/blogin.g?blogspotURL=http://confessions-of-the-it-fashionista.blogspot.in/,,"Hyderabad , India",http://www.in-fb.com/p/infb-directory.html,"
"
Permission Denied,My Fascination Life ,https://www.blogger.com/blogin.g?blogspotURL=http://confessions-of-the-it-fashionista.blogspot.in/,,"Hyderabad , India",http://www.in-fb.com/p/infb-directory.html,"
"
Not Open,Studded Fantasy,http://www.studdedfantasy.com/,,"Hyderabad , India",http://www.in-fb.com/p/infb-directory.html,
Permission Denied,The Chic Diary,https://www.blogger.com/blogin.g?blogspotURL=http://thechicdairy.blogspot.in/,,"Hyderabad , India",http://www.in-fb.com/p/infb-directory.html,
,The Girl At First Avenue,http://www.thegirlatfirstavenue.com/,Chandana,"Hyderabad , India",http://www.in-fb.com/p/infb-directory.html,Hi I'm Chandana :) An Indian fashion blogger based out of Hyderabad.Artist. Blogger/Writer. Travel buff. Style enthusiast. Finance graduate. Aspiring entrepreneur.
,Chappals vs Stilletoes,http://www.stripesandpolkas.blogspot.com/,Anupriya DG,"Kolkata , India",http://www.in-fb.com/p/infb-directory.html,"A Fashion Designer by profession, a Fashion Writer by choice & a Stylist by passion. Love colors. Like to read. Self-confessed shopaholic. Passionate photographer. Narcissist. Romantic. Piscean."
,"Bows, Hearts and Everything Cute",http://www.livelaughdressup.com/,The Faux Pas Girl,"Kolkata , India",http://www.in-fb.com/p/infb-directory.html,"The thing about growing up in the hills is that it makes you very picky about momos. For those who don't know, momo is a Nepali dish and one of my favourite things in the world. It is a steamed dumpling filled with meat or vegetables. Nothing can beat the taste of the momos made in the hills. So like a true momo lover, I was hunting for the best momo place here in Chennai and believe it or not, I was once served momos with coconut chutney! But I managed to find a really amazing momo place that makes you stand in line for ages, but you get served the yummiest momos later. TOTALLY WORTH IT!"
,Bong's Belleza,http://www.bongsbelleza.com/,Ayantika,"Kolkata , India",http://www.in-fb.com/p/infb-directory.html,"Hi, I am Ayantika from India, addicted to fashion, make up and beauty products and an IT consultant by profession. Also I do love to experiment with my cooking skill. Bong's belleza is all about today's women who balance her social life, her personal life, and also her career. She is a dreamer, she is a risk takers and she is a DIVA ! Thank you very much for stoppig here and please do leave your comment . Those are valuable to me !! Hope to get all your support !! :-)"
,Flysongbird,http://flysongbird.blogspot.in/,Debiparna,"Kolkata , India",http://www.in-fb.com/p/infb-directory.html,"My name is Debiparna Chakraborty but sometimes I go by Debi. It's easier to remember and pronounce I guess for pretty much every human I have come across so far. I am pursuing my master's degree in Film Studies and also looking for some part time/freelance jobs. I do freelance writing sometimes. I pretend like this blog is a resume builder for me, mostly it's personal inspiration, photographs I have taken and think are awesome and weird poses in outfits created from a very limited wardrobe. I also love my red ombre hair and styling flair. I understand the power of social media and I have an account pretty much on every site of any social importance."
,the IT Girl,http://www.theitgirl.in/,Mukta Jain,"Ludhiana , India",http://www.in-fb.com/p/infb-directory.html,"I had this dress lying shamelessly in my closet from more than a year,only because I did not find a perfect occasion to wear it. So finally it made its debut in Bali. Enjoy the pictures. Also, you can read my previous outfit post from Bali here. ~Live Love Laugh~ Mukt..."
,*GingerSnaps*,http://www.gingersnapsxoxo.com/,Karishma,"Mumbai , India",http://www.in-fb.com/p/infb-directory.html,"We started from Mumbai early in the morning, but you know how it is, things hardly ever go as they are planned. Our journey came to an unexpected halt when our bus broke down. All of us contestants and the crew were left stranded somewhere on a highway where we had to wait for another bus to come to our rescue. And though it was scorching hot, we made the best out of the situation and started conversations with fellow contestants."
,All that jazz,http://fashion-andallthatjazz.blogspot.in/,Manika Aggarwal,"Mumbai , India",http://www.in-fb.com/p/infb-directory.html,"After a lot of confusing crossroads, I finally reached a place I can call home. From makeup artistry to fashion designing to fashion journalism, to being a stylist and an accessories merchandiser and then working in an NGO! to designing accessories to going back to garment designing to finally coming back to accessories. Phew!"
,Artyheart,http://www.arty-heart.blogspot.com/,Pranita Kocharekar,"Mumbai , India",http://www.in-fb.com/p/infb-directory.html,"Hi! I'm Pranita Kocharekar from Mumbai,India. I'm an art student & a fashion enthusiast."
,Bombay Bubble,http://www.bombaybubble.com/,Anushka Hajela,"Mumbai , India",http://www.in-fb.com/p/infb-directory.html,"My name is Anushka Hajela and I‚Äôm the girl you‚Äôll see wearing sequins at the supermarket. I like strutting my stuff in outfits that are a little too too, which doesn‚Äôt always go down well where I‚Äôm from. Luckily for me, there‚Äôs a thick skin under all that moisturizer!"
,Candy Violeta,http://www.candyvioleta.blogspot.in/,Gargi Salgaonkar,"Mumbai , India",http://www.in-fb.com/p/infb-directory.html,"Hiii! Welcome to CandyVioleta, a fashion and style blog created by Gargi Salgaonkar. I write about all the latest fashion statements, my personal style,quick Do-it-yourself fixes with equally interesting beauty and make-up secrets. Other than that, Online - Shopping, Thrifting,Dancing, Reading auto biographies, posing, analyzing are favorite favs. Have a doubt? Mail me @ gargi2292@gmail.com"
,Cheaper by the Dozen,http://www.chpdzn.blogspot.com/,chp_dzn,"Mumbai , India",http://www.in-fb.com/p/infb-directory.html,"The monsoon is on its way out, and we can't decide if we're glad we can finally wear all the whites and brights we feared wearing for the past 4 months, or if we're distressed by the terrible October heat!"
,Chic Accessorizer,http://www.chicaccessorizer.blogspot.in/,Pooja K.,"Mumbai , India",http://www.in-fb.com/p/infb-directory.html,elf confessed shopoholic..with a passion for accessories..hoping to share this passion with you
,Diary of a Dancebee,http://www.priyaadivarekar.com/,Priya Adivarekar,"Mumbai , India",http://www.in-fb.com/p/infb-directory.html,"A style blogger, who currently works as a Journalist with a leading print media group. The twenty something young journalist is also a freelance Voice - Over Artist and Dance choreographer. Priya completed her post graduation in Journalism and mass communications from Xavier Institute of Communications. In the past, she has also worked as a Radio jockey"
Name Missing,eCandy,http://ecandy-ecandy.blogspot.com/,,"Mumbai , India",http://www.in-fb.com/p/infb-directory.html,FOR ALL UR STYLE QUERIES ! JOIN THE STYLE ECANDY PAGE ON FACEBOOK- http://www.facebook.com/pages/Style-ecandy/143459595692678
Name Missing,eccentric connoisseur,http://www.eccentricconnoisseur.com/,,"Mumbai , India",http://www.in-fb.com/p/infb-directory.html,"I am but a small part of the city that never sleeps, but in my pursuit of happiness, I hope to enliven the hearts of many connoisseurs just like you! I have worked in event management and fashion magazine companies, and after having this broad exposure, I realized my love for fashion! The art of fashion, to be precise. I love styling, designing and going gaga over exquisite trends of the day. Eccentric Connoisseur is an amalgamation of my thoughts and perception about fashion."
,Fashion Bombay ,http://www.fashion-bombay.com/,Jasleen & Sonu,"Mumbai , India",http://www.in-fb.com/p/infb-directory.html,"JSo Style is a fashion venture started by two writers/ stylists, Jasleen Kaur Gupta and Sonu Bohra. Fashion Bombay is an initiative to further that venture.As friends and partners, we are not only passionate about fashion but also believe that fashion be made into a sustainable and essential commodity. We noticed that in a place like India, people tend to dress up only for special occasions like weddings and parties; in the bargain they forget that fashion is actually an extension of who they are. At  Fashion Bombay we believe that fashion is a way of celebrating life and we want to spread the word."
Permission Denied,Fashion Daily,https://www.blogger.com/blogin.g?blogspotURL=http://fashiondaily88.blogspot.com/,,"Mumbai , India",http://www.in-fb.com/p/infb-directory.html,"
"
By this Domain,Fashionably Ever After,http://fashionablyeverafter.co.in/,,"Mumbai , India",http://www.in-fb.com/p/infb-directory.html,
Name missing,Fashion Five,http://fashion5-shruti.blogspot.com/,,"Mumbai , India",http://www.in-fb.com/p/infb-directory.html,Welcome to Fashion Five where you get fashion and beauty trends at your fingertips.
,Fashion Most Wanted,http://fashionmostwanted.com/,Jeremi Cabral,"Mumbai , India",http://www.in-fb.com/p/infb-directory.html,"Fashionmostwanted.com is India‚Äôs premier online fashion and lifestyle webazine that scouts, explores and zooms in on all the essential aspects of Indian fashion and lifestyle. Fashion Most Wanted (FMW) captures the changing nature of fashion and lifestyle segments be it local and international fashion drifts, culinary aspects, travel options and trends in the beauty industry."
,Fashionopolis,http://fashion-opolis.blogspot.com/,Amena,"Mumbai , India",http://www.in-fb.com/p/infb-directory.html,"Let me start by introducing myself. My name is Amena and I am a fashion designer by profession. I spend my days designing and styling clothes. In that sense, I literally eat, breathe and sleep fashion! Along with fashion, I have always been passionate about all forms of arts, especially literature."
,Firefly,http://www.wellofdesign.blogspot.in/,Nishita Savalkar,"Mumbai , India",http://www.in-fb.com/p/infb-directory.html,"I am a mumbai based freelance fashion designer/stylist. For PR activities/advertise/Contact, please email me on nsavalkar9@gmail.com"
,Giasaysthat,http://www.giasaysthat.com/,Gia kashyap,"Mumbai , India",http://www.in-fb.com/p/infb-directory.html,"Fashion/ Lifestyle blog : www.giasaysthat.com For Business enquiries only, contact : info@giasaysthat.com Questions? http://twitter.com/giasaysthat"
,Head2Heels,http://allthingsgirly35.blogspot.co.uk/,Emma,"Mumbai , India",http://www.in-fb.com/p/infb-directory.html,"Hello everyone, hope you all are doing well. :) This is a haul of all these things some i ve bought and some were gifted to me. So lets begin :"
,Indian Summer,http://indiansummer-aastha.blogspot.com/,aastha,"Mumbai , India",http://www.in-fb.com/p/infb-directory.html,Just trying to start a conversation that doesn't need
,In My Shoes,http://inmyshoess.wordpress.com/,Akansha Singh,"Mumbai , India",http://www.in-fb.com/p/infb-directory.html,"A 20 something girl. Trying to find my place in this world. Little lost, little confused and totally in love with myself."
,I want it all,http://www.junewantsitall.com/,June.,"Mumbai , India",http://www.in-fb.com/p/infb-directory.html,I'm from an Army background and have lived all over India and spent a substantial ten years of my life in the city of Pune
,La Diva,http://ladivaindia.blogspot.in/,Kiran & Shuchita,"Mumbai , India",http://www.in-fb.com/p/infb-directory.html,"We are Kiran and Shuchita, two friends who love fashion and this is our way of showcasing it. Read more: http://www.junewantsitall.com/p/about-me.html#ixzz32WTQD52r Under Creative Commons License: Attribution"
,Lazygulrox,http://lazygulrox.blogspot.com/,Lazygulrox,"Mumbai , India",http://www.in-fb.com/p/infb-directory.html,"A girl who was in love with fashion...who would sit behind her computer screen and just look at the fashion world with an awe. Timid in experimenting, I just watched and let the time flow by. I love designing clothes but because of lack of basic drawing skills I was afraid to draw all the ideas I had in my mind. My mind was filled daily with different ideas and knowledge of this Fashion world. It was time to burst out and that is when I searched online and found the amazing site Girlsense and started designing there and kept my Username as Lazygulrox . But for me that was not enough and I started reading blogs and fell in love with the concept."
Name Missing,Love The World Today,http://ltwt.in/,,"Mumbai , India",http://www.in-fb.com/p/infb-directory.html,"Someday I‚Äôll fill up this ‚ÄòAbout Me‚Äô page. Until then, Trampoline lover, socks and saree collector ! I think I‚Äôm born in the wrong era. I belong to the flower power generation.You can reach me at dipna@ltwt.in"
Name Missing,Le Diary,http://styleunpacked.tumblr.com/,,"Mumbai , India",http://www.in-fb.com/p/infb-directory.html,A personal style journal by a Tomboy Girl
,Moda Ninja,http://modaninja.com/,Moda Ninja,"Mumbai , India",http://www.in-fb.com/p/infb-directory.html,"@gurpreettalwar & @pallavising decided to start penning down their thoughts on style, fashion and all things nice. Check out modaninja.com http://www.modaninja.com"
Name Missing,Modish And Muse,http://www.sunitijham.blogspot.com/p/know-me.html,,"Mumbai , India",http://www.in-fb.com/p/infb-directory.html,Modish And Muse is a delicate setting where fashion and fiction collide. Come and join me in my journey as I write my way through it. www.sunitijham.blogspot.com
Blog Not Found,Neon Nights,http://neon-night-lights.blogspot.in/,,"Mumbai , India",http://www.in-fb.com/p/infb-directory.html,
,Ri(t)ch Styles,http://www.ritchstyles.com/,Ritcha,"Mumbai , India",http://www.in-fb.com/p/infb-directory.html,"Our motto is to - Live a Ri(t)ch life Stylishly! Be it Fashion, Beauty, Food or Travel! :) www.RitchStyles.com"
,She Rocking Them Stilettos,http://sherockinthemstilettos.blogspot.com/,Renisha,"Mumbai , India",http://www.in-fb.com/p/infb-directory.html,"Hi, my name is Renisha , Fashion enthusiast & observer from Mumbai,India. By profession I am an HR Executive."
,Sister Tales,http://sistertales-pnp.blogspot.in/,Prajakta & Priyanka.,"Mumbai , India",http://www.in-fb.com/p/infb-directory.html,"Prajakta is a working professional and Priyanka a dental student. Both of us are seperated by a age gap of 9 yrs and non compatible sunsigns, but still our love for shopping, styling, food, family binds us together..."
Name Missing,Streak Hue Fall,http://www.streakhuefall.com/,,"Mumbai , India",http://www.in-fb.com/p/infb-directory.html,"I am a freelance fashion features writer, contributing to editorials and magazines. Having acquired a diploma in hair designing, I am also working as a freelance hairstylist. Styling is another offshoot of my creative pursuits."
,Street Style,http://streetstyleindia.blogspot.in/,SAMIDHA SHARMA,"Mumbai , India",http://www.in-fb.com/p/infb-directory.html,"I started Street Style in January 2010 with the intention of creating a place to capture interesting styles I saw around me and share it with everyone reading this. From a Facebook page to a blog and from being a Street Style chronicler to more of personal style diary- this blog has come a long, long way. While 2010 was a great year, 2011 was a bit of a lean period for my blog but now in its third year I hope to make changes and dedicate more time to this space."
,Style. Ok. Please,http://www.styleokplease.blogspot.in/,Bharti Singh,"Mumbai , India",http://www.in-fb.com/p/infb-directory.html,"Hi there. I am Bharti. I live in Bombay and I love collecting stories, quotes and photographs of people I meet. I am still trying to figure out how to approach strangers and request them to pose for my blog. So if you happen to bump in to a girl who asks you if she can take your pic, please be kind and say yes."
Name Missing,Style Aisle,http://style-aisle.com/,,"Mumbai , India",http://www.in-fb.com/p/infb-directory.html,"Be it Trends or Styles, Colors or Combinations!! Discussions, Comments or Likes ! Its open for all! Get your daily dose of style information! Looks, Steals & Offers.. From the most cost effective places to the higher end ones! Fashion Forecasting & Consulting."
Service Unavailable,Style Destino,http://www.styledestino.blogspot.com/,,"Mumbai , India",http://www.in-fb.com/p/infb-directory.html,
,Styledrive,http://www.styldrv.com/,Aayushi Bangur,"Mumbai , India",http://www.in-fb.com/p/infb-directory.html,"www.styldrv.com - Styledrive is an alternative perception to fashion, style and its related nuances. It's a blog that encompasses current trends, styling ideas and product reviews."
Name Missing,Style Fiesta,http://www.stylefiestadiaries.com/p/about.html,,"Mumbai , India",http://www.in-fb.com/p/infb-directory.html,"I have to admit, selling fashion has got me too busy to find the time for talking fashion. But we always tend to find a way back to the things we love. Style Fiesta is a fashion blog encompassing personal outfits, inspirations, trend reports and the daily low-down of what‚Äôs happening in the style circuit. I‚Äôve always believed that style doesn‚Äôt belong solely in clothes and bags- but resides colossally in comfort, how you're feeling, your opinions, your inspirations; and that is precisely the documentation that Style Fiesta and I, Masoom Minawala represent."
,Style File,http://www.stylefile.in/,Dayle Pereira,"Mumbai , India",http://www.in-fb.com/p/infb-directory.html,"So dolls, if you haven't already heard the grand news; Dunkin' Donuts finally launched in Mumbai and to further heighten my excitement, I had the wonderful opportunity to attend an experiential workshop a day prior to their launch."
,Style High Street,http://www.stylehighstreet.in/,Vidhi Gandhi,"Mumbai , India",http://www.in-fb.com/p/infb-directory.html,"In this scorching heat with a city like Mumbai reaching 50 degrees all you need is a cool refreshing drink to swirl you up. Apart from light and bright cottons and cool accessories what I need is a drink I can rely on to beat the heat and cope with the frustration of the humid climate. With Cafe Coffee Day available all over the city you cannot help to stop by and grab their Brain Freeze drink available in four flavours. Full of ice and flavour these drinks can take you in iceland. Yes, exactly what you need in this kind of weather! I love their Green Apple Meltdown and Berry Berg are two of my favourite flavours, very fruity and relaxing at 95INR."
,Style Seeker,http://styleseeker-nikki.blogspot.com/,Nikki,"Mumbai , India",http://www.in-fb.com/p/infb-directory.html,"The best part about them is,You dont have to care about the color, All colors go well with some or the other outfit, Candy Pink or Serious Black,Both give a head-turner look.Blazers should be crisp ironed and properly fitted or they can end up as a weird disaster.I have seen many beautiful ladies flaunting their blazers and thats what created an urge in me to have one.."
Name Missing,Style Seekers,http://www.style-seekers.blogspot.com/,,"Mumbai , India",http://www.in-fb.com/p/infb-directory.html,"A blog documenting Fashion, Street style and anything worth blogging."
Name Missing,Style Struck Diaries,http://www.stylestruckdiaries.blogspot.in/,,"Mumbai , India",http://www.in-fb.com/p/infb-directory.html,"As is customary, I moved into my husband's house post marriage. 
The first week was a little confusing, you feel like you are waking up in a strange new place.
Slowly slowly I started adding a few of my touches here and there. 
Luckily my mil is a sweetheart and is more than happy for me to be 
decorating the house. As first project, I took over the guest bedroom. Its is now my study/office.
Currently only half of it is complete but I've enjoyed doing it up so much, I can't wait to start with the rest."
Blog Not Found,Styling with A,http://astylist.blogspot.com/,,"Mumbai , India",http://www.in-fb.com/p/infb-directory.html,"
"
,Sugarry Lips Glittery Nails ,http://sugarrylipsglitterynails.blogspot.in/,Isha Paratkar,"Mumbai , India",http://www.in-fb.com/p/infb-directory.html,"I am just an ordinary girl who loves to do extraordinary things.... I love music,my parents,friends and my family.I spend most of my time hanging out wid friends just like any other teenager..."
Permission denied,Taamra Segal,http://taamra.blogspot.com/,,"Mumbai , India",http://www.in-fb.com/p/infb-directory.html,
Noting found,Trillionaire talks fashion,http://trillionairefashion.wordpress.com/,,"Mumbai , India",http://www.in-fb.com/p/infb-directory.html,
,The Flea Market Queen,http://www.thefleamarketqueen.com/,Ila Johari,"Mumbai , India",http://www.in-fb.com/p/infb-directory.html,"Mermaids are the most mysterious characters in the land of fantasy, often considered supremely beautiful and feminine. A curvaceous figure , flowy tresses and delicate facial features sums up the perfect mermaid in folklore. I'm Aishwarya just crossed your mind ."
Blog not found,The Twisted Elegance,http://thetwistedelegance.blogspot.com/,,"Mumbai , India",http://www.in-fb.com/p/infb-directory.html,
,The Purplenista,http://www.thepurplenista.com/,Priyanka Chowdhury,"Mumbai , India",http://www.in-fb.com/p/infb-directory.html,"All the products that I review in the blog have been bought by me. All the products are my own choice of products and I am not associated with any brand or organisations. If a product is sent by brand, then a disclosure will be mentioned at the end of the post. In any case, my opinions will be honest. Some products that work for me may not work for you because of the skin type."
Name Missing,The Fashion Code,http://thefashionco.blogspot.com/,,"Mumbai , India",http://www.in-fb.com/p/infb-directory.html,"This is us sharing our stories and grand adventures and dipping our feet into the deep sartorial waters.More at http://thefashionco.blogspot.in/p/about-us.html  Mumbai, India   thefashionco.blogspot.in"
,Vivacious in Vogue,http://vivaciousinvogue.com/,Simin Lakhani,"Mumbai , India",http://www.in-fb.com/p/infb-directory.html,"Fiercely Independent¬§Blogger¬§Dreamer¬§Believer¬§Explorer¬§Online Fashion Store Entrepreneur Bombay, India   viv.co.in¬∑   "
name Missing,What Wear How,http://www.whatwearhow.in/,,"Mumbai , India",http://www.in-fb.com/p/infb-directory.html,http://www.whatwearhow.in/
,When Geek Met Chic,http://www.whengeekmetchic.blogspot.com/,Aditi & Shruti,"Mumbai , India",http://www.in-fb.com/p/infb-directory.html,"We are Aditi and Shruti - aficionados, long time friends and lovers of big bright things. whengeekmetchic is an expression of our evolving style. A legal intern during the day, Aditi morphs into a fashion freak when the clock strikes mid-night, loving every bit of it. Shruti globe trotted for a while in discovery of her passion and much to her surprise, she realized it was Fashion. We hope you enjoy our endeavors in bidding adieu to geeky days and celebrating chic times. Email us whengeekmetchic@gmail.com"
Name Missings,Style Meeh,http://stylemeeh.blogspot.com/,,"Mysore , India",http://www.in-fb.com/p/infb-directory.html,Fashion obsessed blogger.. http://stylemeeh.blogspot.com India   stylemeeh.blogspot.com
,Fashion Fiesta,http://hfashiontrends.blogspot.in/,HIMANI,"Noida , India",http://www.in-fb.com/p/infb-directory.html,I am trying to learn fashion from last 9 yrs.... :)... have learnt few so started jotting them
,Looking good feeling fab,http://www.lookinggoodfeelingfab.com/,Abhilasha,"Pune , India",http://www.in-fb.com/p/infb-directory.html,"I am a girl in my 30‚Äôs and I live in Pune (India) with my big joint family. I studied electronics engineering and at the end of the 4 years my biggest learning was that engineering is not for me. So I did the next best thing, hopped on to the MBA bandwagon to avoid the IT companies."
,PINK and everything,http://bhakti-pinkandeverythingthatgirlswant.blogspot.in/,Bhakti Khade Rangoonwala,"Pune , India",http://www.in-fb.com/p/infb-directory.html,"One head many hats .. Dabbling in things that I love,, travel. Shopping, music, food, fashion, fun,, life.. Lover of life ..."
Blog not found,Whimsy Winks,http://whimsy-winks.blogspot.in/,,"Pune , India",http://www.in-fb.com/p/infb-directory.html,
,Fashion Awkward,http://fashionawkward.blogspot.in/,McLeod,"Secunderabad , India",http://www.in-fb.com/p/infb-directory.html,"Hence, this place. To blog about the struggles, victories and headfalls...to understand fashion, the trends and such, all the while trying to look decently smart enough without burning a hole in my pocket. Accepting that when it comes to fashion and style, I am awkward, but I enjoy the learning process."
Name Missing,Everything Fusion,http://fusionforever.wordpress.com/,,"Vadodara , India",http://www.in-fb.com/p/infb-directory.html,"I have been obsessed with shoes since I was 5. As I grew up, my obsession extended to junk jewellery, scarves, dresses, bags, coloured liners and shorts. I love long wavy hair, messy buns, smoky eyes, large earrings, gladiators and fuchsia. Apart from shopping, I spend my time reading crime novels, decorating my house, gardening, cooking, baking, socializing and blogging."
Blog not found,Style Diaries,http://www.stylediaries101.blogspot.in/,,"Vadodara , India",http://www.in-fb.com/p/infb-directory.html,